CGC_OMSCHRIJVING,klant,geslacht,klant_geboorte_jaar,klant_nr,klant_postcode,klant_huisnr
,CJ Adderringslang,,,33,0595 AA,23
,CJ Arendbuizerd,,,98,0595 AA,23
,CJ Argentijnse stekelstaarteend,,,99,0595 AA,23
,CJ Bont boertje,,,199,0595 AA,23
,CJ Boskalkoen,,,226,0595 AA,23
,CJ Driestreep doosschildpad,,,366,0595 AA,23
,CJ Europees damhert,,,442,0595 AA,23
,CJ Françoislangoer,,,484,0595 AA,23
,CJ Gans indische streepkop,,,497,0595 AA,23
,CJ Geelkeelmarter,,,508,0595 AA,23
,CJ Geelvoorhoofd amazone,,,513,0595 AA,23
,CJ Glansfazant Himalaya,,,560,0595 AA,23
,CJ Inyala,,,720,0595 AA,23
,CJ Prepona demophon,,,1271,0595 AA,23
,CJ Prins Alfredhert,,,1272,0595 AA,23
A1 Algemeen,CJ Maleise civetkat,,,1001,0374 AA,91
A1 Third party Banking,CJ Gans roodhals,,,501,0001 AA,67
A1 Third party Banking,CJ Garibaldi,,,502,0166 AA,67
A1 Third party Banking,CJ Gele boomeend,,,520,0595 AA,23
A1 Third party Banking,CJ Groene rattenslang,,,619,0040 AA,89
A2 Agrarisch,CJ Koraal aardbei,,,863,0490 AA,56
A2 Agrarisch,CJ Pincetvis,,,1249,0490 AA,56
A2 Agrarisch,CJ Pincetvis gele,,,1250,0490 AA,56
A2 Agrarisch,CJ Pinché-aapje,,,1251,0490 AA,56
A2 Agrarisch,CJ Plevier bontbek,,,1260,0584 AA,12
A2 Algemeen,CJ Agame afrikaanse doornstaart,,,47,0420 AA,89
A2 Algemeen,CJ Ara blauw-gele,,,86,0142 AA,56
A2 Algemeen,CJ Bergschaap Zuid-Amerikaans,,,156,0420 AA,89
A2 Algemeen,CJ Bisschop blauwe,,,166,0361 AA,56
A2 Algemeen,CJ Bosfazant,,,224,0447 AA,12
A2 Algemeen,CJ Brilslang,,,243,0576 AA,12
A2 Algemeen,CJ Bromrund,,,245,0576 AA,12
A2 Algemeen,CJ Bruinbehaard gordeldier,,,249,0576 AA,12
A2 Algemeen,CJ Canadese bever,,,263,0580 AA,
A2 Algemeen,CJ Dumeril's grondboa,,,389,0274 AA,21
A2 Algemeen,CJ Gier palm,,,546,0409 AA,45
A2 Algemeen,CJ Karper roodvin,,,784,0285 AA,91
A2 Algemeen,CJ Keizertamarin,,,798,0453 AA,67
A2 Algemeen,CJ Kleurmuis,,,826,0285 AA,91
A2 Algemeen,CJ Kokardezaagbek,,,843,0274 AA,21
A2 Algemeen,CJ Maleise boomslang,,,1000,0392 AA,23
A2 Algemeen,CJ Oranjekuif kaketoe,,,1164,0361 AA,56
A2 Algemeen,CJ Pantser neushoorn,,,1187,0447 AA,12
A2 Haven en logistiek,CJ Konijnuil,,,848,0013 AA,21
A3 Agrarisch,CJ Pennant rosella,,,1231,0595 AA,45
A3 Algemeen,CJ Aardbeikikker,,,23,0520 AA,56
A3 Algemeen,CJ Atlasvlinder,,,103,0004 AA,34
A3 Algemeen,CJ Bronskopeend,,,246,0595 AA,56
A3 Algemeen,CJ Congo pauw,,,325,0580 AA,
A3 Algemeen,CJ Damara zebra,,,335,0116 AA,12
A3 Algemeen,CJ Gekko madagaskardag,,,517,0595 AA,34
A3 Algemeen,CJ Gekuifde bospatrijs,,,519,0407 AA,34
A3 Algemeen,CJ Kantjil kleine,,,776,0406 AA,34
A3 Algemeen,CJ Lady Amherstfazant,,,927,0595 AA,45
A3 Algemeen,CJ Landgeit Hollandse,,,932,0595 AA,45
A3 Algemeen,CJ Madagaskarleguaan,,,986,0298 AA,91
A3 Third party Banking,CJ Gouden pijlgifkikker,,,583,0595 AA,56
Advies Expats/Emigranten,Groenvleugel ara,M,1982,620,0172 AA,89
Entrepreneurs Business Related,Brilkaaiman,V,1959,242,0496 AA,21
Entrepreneurs Business Related,CJ Blauwpuntkwal,,,182,0496 AA,12
Entrepreneurs Business Related,CJ Bronzen helmschildpad,,,248,0448 AA,12
Entrepreneurs Business Related,CJ Corzak vos,,,326,0533 AA,89
Entrepreneurs Business Related,CJ Haankoekoek,,,636,0205 AA,67
Entrepreneurs Business Related,CJ Juweelwesp,,,746,0595 AA,89
Entrepreneurs Business Related,CJ Nonnetje,,,1118,0595 AA,23
Entrepreneurs Business Related,CJ Pardelkat,,,1196,0533 AA,89
Entrepreneurs Business Related,Fluitreiger,M,1939,482,0595 AA,21
Entrepreneurs Business Related,Geit schroefhoorn,M,1972,516,0595 AA,23
Entrepreneurs Business Related,Gepard,M,1947,526,0380 AA,21
Entrepreneurs Business Related,Gier zwarte,M,1972,551,0595 AA,23
Entrepreneurs Business Related,Langoest sierlijke,M,1946,938,0549 AA,56
Entrepreneurs Business Related,Langpootskink,V,1945,939,0549 AA,56
Entrepreneurs Business Related,Lepelhond,M,1949,963,0595 AA,45
Entrepreneurs Business Related,Mangroveslang,M,1944,1024,0083 AA,23
Entrepreneurs Business Related,Maskerkievit,M,1951,1037,0533 AA,89
Family Money,Aap doodshoofd,V,1955,8,0175 AA,23
Family Money,Adder tapijtzaagschub,V,1954,32,0578 AA,67
Family Money,Ara roodoor,M,1960,92,0316 AA,91
Family Money,Beentongvis aziatische,M,1963,139,0243 AA,45
Family Money,Boomkonijn,M,1945,216,0344 AA,91
Family Money,CJ Aap Java,,,12,0182 AA,12
Family Money,CJ Afrikaanse python,,,43,0175 AA,23
Family Money,CJ Arrauschildpad,,,101,0595 AA,89
Family Money,CJ Bloedvlekzalm,,,188,0595 AA,91
Family Money,CJ Bonte vari,,,206,0595 AA,91
Family Money,CJ Braziliaanse tapir,,,237,0208 AA,12
Family Money,CJ Capucijnaap witkeel,,,273,0316 AA,91
Family Money,CJ Capucijnaap witschouder,,,274,0595 AA,89
Family Money,CJ Geelbuikvuurpad,,,507,0595 AA,12
Family Money,CJ Geelvleugel ara,,,512,0595 AA,12
Family Money,CJ Gnoe blauwe,,,566,0182 AA,12
Family Money,CJ Grietjebie,,,596,0595 AA,89
Family Money,CJ Nijlgau,,,1112,0595 AA,89
Family Money,CJ Nijlpaard,,,1114,0595 AA,12
Family Money,CJ Nijlpaard dwerg,,,1115,0207 AA,78
Family Money,CJ Ocelot geoffroy's,,,1127,0595 AA,12
Family Money,CJ Oehoe bengaalse,,,1131,0549 AA,56
Family Money,CJ Otter Aziatische kleinklauw,,,1168,0595 AA,89
Family Money,CJ Paling electrische,,,1178,0175 AA,23
Family Money,Coati,M,1968,314,0247 AA,23
Family Money,Cobra siameese spuwende,M,1986,319,0208 AA,12
Family Money,Doodshoofd kakkerlak,M,1954,354,0208 AA,12
Family Money,Europese moerasschildpad,M,1971,448,0371 AA,78
Family Money,Europese ooievaar,V,1971,449,0370 AA,91
Family Money,Gans brand,M,1947,494,0010 AA,34
Family Money,Harris' havik,M,1958,649,0207 AA,78
Family Money,Hertegeitantilope,M,1945,666,0196 AA,56
Family Money,Hoogalnd roodknie vogelspin,M,1932,683,0379 AA,34
Family Money,Indiase brilslang,V,1957,710,0208 AA,12
Family Money,Jan-van-Gent,V,1956,730,0083 AA,23
Family Money,Kikker Madagaskar tomaat,M,1980,813,0005 AA,34
Family Money,Klokvogel,V,1956,829,0083 AA,23
Family Money,Koraalslang,M,1948,867,0595 AA,56
Family Money,Krokodil nijl,,1992,892,0207 AA,78
Family Money,Krokodil pantser,,1995,893,0207 AA,78
Family Money,Laplanduil,M,1950,943,0595 AA,34
Family Money,Madagaskar boomboa,M,1952,982,0427 AA,34
Family Money,Maki witgezicht,V,1983,996,0043 AA,91
Family Money,Maleise beer,M,1978,999,0012 AA,67
Family Money,Manenrob,V,1955,1016,0207 AA,78
Family Money,Moeraswallabie,M,1969,1062,0003 AA,12
Family Money,Muskaatduif Pauline groene,V,1991,1078,0011 AA,21
Family Money,Pauw java,M,1940,1221,0175 AA,23
Family Money,Pipa,V,1984,1256,0015 AA,45
Grootzakelijke DGA?s,CJ Pekari witlip,,,1227,0595 AA,91
Internationale Relaties,CJ Groene pad,,,617,0595 AA,45
Medici MAT,CJ Gordelstaarthagedis dwerg,,,577,0595 AA,21
Medische studenten,Heremietkreeft,M,1983,659,0246 AA,91
Medische studenten,Ibis heilige,M,1974,697,0206 AA,89
Nederbelgen en expats,CJ Bassaanse gans,,,135,0425 AA,45
Nederbelgen en expats,CJ Pauw blauwe,,,1219,0425 AA,45
Niet Ingezetenen,Huzaaraap,V,1946,691,0584 AA,12
Niet ingezetenen / Inter.Clients,Belgisch trekpaard,V,2007,145,0176 AA,56
Niet ingezetenen / Inter.Clients,Boshoen Australische,M,2009,225,0176 AA,56
Niet ingezetenen / Inter.Clients,CJ Berberaap,,,150,0245 AA,23
Niet ingezetenen / Inter.Clients,CJ Luipaardhaai,,,978,0181 AA,78
Niet ingezetenen / Inter.Clients,CJ Nijassameer cichlide,,,1110,0595 AA,67
Niet ingezetenen / Inter.Clients,Cavia rots,V,2011,282,0176 AA,56
Niet ingezetenen / Inter.Clients,Glansspreeuw blauwoor,M,1983,561,0477 AA,34
Niet ingezetenen / Inter.Clients,Lachende Hans,M,1954,925,0595 AA,89
Niet ingezetenen / Inter.Clients,Muisvogel gestreepte,M,1974,1073,0176 AA,56
Niet ingezetenen / Inter.Clients,Pelikaan roodrug,M,1946,1229,0245 AA,23
O & O - Overige zakelijke klanten,CJ Basiliek ratelslang,,,133,0426 AA,67
O & O - Overige zakelijke klanten,CJ Blauwe oorfazant,,,174,0039 AA,89
O & O - Overige zakelijke klanten,CJ Flamingo cubaanse,,,474,0399 AA,78
O & O - Overige zakelijke klanten,CJ Garnaal kappers,,,503,0273 AA,89
O & O - Overige zakelijke klanten,CJ Kreeft zoetwater,,,885,0321 AA,67
O & O Banking - Medisch Bedrijf,CJ Ara hyacinth,,,90,0213 AA,23
O & O Banking - Medisch Bedrijf,CJ Ara rode,,,91,0213 AA,23
O & O Banking - Medisch Bedrijf,CJ Bonte maki,,,203,0595 AA,67
O & O Banking - Medisch Bedrijf,CJ Glansspreeuw driekleur,,,562,0477 AA,34
O & O Banking - Medisch Bedrijf,CJ Grasparkiet,,,592,0215 AA,89
O & O Banking - Medisch Bedrijf,CJ Iberische wolf,,,695,0465 AA,23
Personal Business,Aap witoorpenseel,M,1982,20,0284 AA,78
Personal Business,Arankanga,M,1967,95,0357 AA,67
Personal Business,Australische longvis,V,1970,107,0357 AA,67
Personal Business,Bartletts dolksteekduif,M,1954,132,0426 AA,67
Personal Business,Blauwe pauw,M,1986,175,0502 AA,67
Personal Business,Boa madagaskar boom,M,1955,192,0051 AA,78
Personal Business,CJ Panter Perzische,,,1185,0595 AA,56
Personal Business,CJ Paradijsvink,,,1195,0595 AA,12
Personal Business,CJ Peccari witlip,,,1226,0595 AA,91
Personal Business,CJ Penseelzwijn,,,1234,0595 AA,12
Personal Business,Coloradopad,M,1946,324,0585 AA,67
Personal Business,Griffel zeeëgel,V,1963,597,0426 AA,67
Personal Business,Grondeekhoorn kaapse,V,1952,623,0144 AA,21
Personal Business,Hoen zijde,M,1940,669,0407 AA,34
Personal Business,Kaketoe witte of witkuif,V,1962,761,0051 AA,78
Personal Business,Keizervis blauwgordel,M,1961,799,0476 AA,78
Personal Business,Krokodilwachter,M,1958,896,0504 AA,34
Personal Business,Maki bont,M,1960,992,0408 AA,67
Personal Business,Marterhond,M,1950,1035,0290 AA,12
Personal Business,Mexicaanse westkust ratelslang,V,1965,1052,0484 AA,56
Personal Business,Oeistitie dwerg,M,1970,1137,0447 AA,12
Personal Business,Pijlgifkikker gouden,M,1967,1246,0556 AA,23
Personal Business,Poitou-ezel,M,1954,1265,0490 AA,56
Pref. Banking - Internat. Relaties,Afrikaanse holenkiekendief,M,1970,39,0460 AA,67
Pref. Banking - Internat. Relaties,Anoa,M,1970,83,0241 AA,12
Pref. Banking - Internat. Relaties,Bidsprinkhaan spook,V,1963,159,0229 AA,23
Pref. Banking - Internat. Relaties,Boscobra zwart-witte,V,1971,222,0460 AA,67
Pref. Banking - Internat. Relaties,CJ Agoeti,,,49,0595 AA,91
Pref. Banking - Internat. Relaties,CJ Bidsprinkhaan viool,,,160,0229 AA,23
Pref. Banking - Internat. Relaties,CJ Bosduivel,,,223,0460 AA,67
Pref. Banking - Internat. Relaties,CJ Cubaanse amazone,,,328,0595 AA,91
Pref. Banking - Internat. Relaties,CJ Groene pauw,,,618,0242 AA,45
Pref. Banking - Internat. Relaties,Californische zeeleeuw,M,1984,262,0056 AA,78
Pref. Banking - Internat. Relaties,Gnoe witstaart,V,1976,567,0239 AA,67
Pref. Banking - Internat. Relaties,Guanaco,V,1984,632,0233 AA,23
Pref. Banking - Internat. Relaties,Kiskadie grote,M,1961,814,0595 AA,91
Pref. Banking - Internat. Relaties,Laponderaap,M,1959,944,0229 AA,23
Pref. Banking - Internat. Relaties,Muskusos,M,1965,1080,0242 AA,45
Pref. Banking - Niet Ingezetenen,Aap zwart-witte franje,V,1982,22,0236 AA,56
Pref. Banking - Niet Ingezetenen,CJ Aap mantelbaviaan,,,15,0595 AA,34
Pref. Banking - Niet Ingezetenen,CJ Bruine capucijnaap,,,252,0236 AA,56
Pref. Banking - Niet Ingezetenen,CJ Kolibrie amazilia,,,846,0595 AA,89
Pref. Banking - Niet Ingezetenen,CJ Pad colorado,,,1175,0554 AA,56
Pref. Banking - Niet Ingezetenen,Cichlide Nijassameer,M,1966,309,0365 AA,21
Pref. Banking - Niet Ingezetenen,Drievingerige luiaard,M,1945,370,0165 AA,67
Pref. Banking - Niet Ingezetenen,Gans canadese middelste,M,1953,495,0238 AA,91
Pref. Banking - Niet Ingezetenen,Glasvleugelvlinder,M,1965,565,0584 AA,12
Pref. Banking - Niet Ingezetenen,Goudborstglansspreeuw,M,1968,580,0595 AA,21
Pref. Banking - Niet Ingezetenen,Holenparkiet,V,1968,675,0595 AA,23
Pref. Banking - Niet Ingezetenen,Kameleon-anolis,M,1946,769,0554 AA,56
Pref. Banking - Niet Ingezetenen,Kamvinger,V,1950,770,0554 AA,56
Pref. Banking - Niet Ingezetenen,Koeneusrog,M,1986,838,0595 AA,78
Pref. Banking - Niet Ingezetenen,Landkaartschildpad,M,1981,933,0236 AA,56
Pref. Banking - Niet Ingezetenen,Madagaskar tomaatkikker,M,1965,984,0595 AA,91
Pref. Banking - Niet Ingezetenen,Marmereend,M,1948,1033,0595 AA,34
Pref. Banking - Niet Ingezetenen,Mechelse koekoek,M,1954,1041,0489 AA,
Pref. Banking - Niet Ingezetenen,Prairie ratelslang,V,1957,1269,0562 AA,21
Pref. Banking - Vrije Beroepen,Kraanvogel kroon,V,1981,877,0284 AA,78
Pref. Banking - Vrije Beroepen,Maleise tapir,M,1961,1004,0495 AA,78
Pref. Banking - Vrije Beroepen,Mierkat rode,M,1965,1054,0595 AA,89
Preferred Banking - Actieve bel.,Berberpad Mauretanicus,,1953,152,0044 AA,21
Preferred Banking - Actieve bel.,Blauwkeelgoean,V,1945,179,0435 AA,45
Preferred Banking - Actieve bel.,Boomboa cubaanse,M,1955,207,0035 AA,78
Preferred Banking - Actieve bel.,CJ Chileense vogelspin,,,292,0595 AA,56
Preferred Banking - Actieve bel.,CJ Geelkuifkaketoe,,,509,0595 AA,91
Preferred Banking - Actieve bel.,CJ Neusslang chinese,,,1107,0595 AA,12
Preferred Banking - Actieve bel.,CJ Plevier vorkstaart,,,1262,0595 AA,91
Preferred Banking - Algemeen,Aap berber,V,1929,5,0422 AA,78
Preferred Banking - Algemeen,Adder schlegel's grijpstaartpalm,M,1954,31,0595 AA,23
Preferred Banking - Algemeen,Afrikaanse Eieretende slang,V,1972,37,0060 AA,56
Preferred Banking - Algemeen,Amazilia kolibrie,M,1955,61,0457 AA,56
Preferred Banking - Algemeen,Amerikaanse kakkerlak,M,1972,70,0093 AA,78
Preferred Banking - Algemeen,Amerikaanse reuzenbladsprinkhaan,V,1954,72,0391 AA,91
Preferred Banking - Algemeen,Amoerslang,V,1967,76,0093 AA,78
Preferred Banking - Algemeen,Aziatische kleinklauwotter,M,1972,115,0595 AA,12
Preferred Banking - Algemeen,Bassangans,M,1972,136,0595 AA,91
Preferred Banking - Algemeen,Bateleur,V,1972,137,0595 AA,12
Preferred Banking - Algemeen,Beermarter,V,1955,144,0423 AA,91
Preferred Banking - Algemeen,Bergeend,M,1948,153,0595 AA,89
Preferred Banking - Algemeen,Bergleeuw,V,1949,154,0595 AA,89
Preferred Banking - Algemeen,Birmaanse eekhoorn zwarte,M,1973,164,0076 AA,56
Preferred Banking - Algemeen,Boomkikker bonte,M,1969,214,0415 AA,21
Preferred Banking - Algemeen,CJ Aap pinché,,,17,0595 AA,89
Preferred Banking - Algemeen,CJ Afrikaanse eierslang,,,38,0054 AA,89
Preferred Banking - Algemeen,CJ Agoeti Braziliaanse,,,50,0369 AA,91
Preferred Banking - Algemeen,CJ Amerikaanse zeearend,,,73,0391 AA,91
Preferred Banking - Algemeen,CJ Anemoonvis rode,,,81,0595 AA,23
Preferred Banking - Algemeen,CJ Antilope zwarte paard,,,85,0595 AA,12
Preferred Banking - Algemeen,CJ Aspisadder,,,102,0595 AA,34
Preferred Banking - Algemeen,CJ Barraband parkiet,,,131,0093 AA,78
Preferred Banking - Algemeen,CJ Beer lippen,,,142,0595 AA,45
Preferred Banking - Algemeen,CJ Beer maleise,,,143,0595 AA,21
Preferred Banking - Algemeen,CJ Bergparkiet,,,155,0595 AA,12
Preferred Banking - Algemeen,CJ Boomeend witwang,,,212,0350 AA,34
Preferred Banking - Algemeen,CJ Bosrendier,,,228,0179 AA,34
Preferred Banking - Algemeen,CJ Canadese bizon,,,264,0595 AA,78
Preferred Banking - Algemeen,CJ Cavia wilde,,,284,0528 AA,45
Preferred Banking - Algemeen,CJ Degoe,,,340,0519 AA,78
Preferred Banking - Algemeen,CJ Donkere tijgerpython,,,353,0385 AA,45
Preferred Banking - Algemeen,CJ Doodshoofdaapje boliviaans,,,356,0595 AA,91
Preferred Banking - Algemeen,CJ Driekleur glansspreeuw,,,365,0595 AA,78
Preferred Banking - Algemeen,CJ Duif groene muskaat Pauline,,,377,0067 AA,89
Preferred Banking - Algemeen,CJ Duif muskaat,,,380,0122 AA,78
Preferred Banking - Algemeen,CJ Duif picazuro,,,381,0595 AA,34
Preferred Banking - Algemeen,CJ Duif waaier,,,384,0122 AA,78
Preferred Banking - Algemeen,CJ Dwergooruil zuidelijke witwang,,,401,0021 AA,91
Preferred Banking - Algemeen,CJ Dwerguil Braziliaanse,,,404,0200 AA,21
Preferred Banking - Algemeen,CJ Europese bizon,,,444,0209 AA,45
Preferred Banking - Algemeen,CJ Europese otter,,,450,0595 AA,89
Preferred Banking - Algemeen,CJ Europese siesel,,,451,0227 AA,56
Preferred Banking - Algemeen,CJ Europese zeearend,,,454,0299 AA,45
Preferred Banking - Algemeen,CJ Groene boompython,,,610,0595 AA,78
Preferred Banking - Algemeen,CJ Mamba zwarte,,,1009,0388 AA,56
Preferred Banking - Algemeen,CJ Nachthokko,,,1084,0595 AA,89
Preferred Banking - Algemeen,CJ Nachtreiger,,,1085,0595 AA,67
Preferred Banking - Algemeen,CJ Nandoe,,,1087,0595 AA,12
Preferred Banking - Algemeen,CJ Nandoe darwin,,,1088,0396 AA,12
Preferred Banking - Algemeen,CJ Negerhoen,,,1091,0403 AA,12
Preferred Banking - Algemeen,CJ Netpython,,,1095,0345 AA,21
Preferred Banking - Algemeen,CJ Neushoorn pantser,,,1099,0595 AA,78
Preferred Banking - Algemeen,CJ Neushoornvogel dubbelhoornige,,,1101,0595 AA,34
Preferred Banking - Algemeen,CJ Neushoornvogel geribbelde,,,1102,0244 AA,23
Preferred Banking - Algemeen,CJ Nieuw-Guinese slangenhalsschildpad,,,1108,0595 AA,34
Preferred Banking - Algemeen,CJ Nieuw-Guinese tweeklauwschildpad,,,1109,0595 AA,34
Preferred Banking - Algemeen,CJ Nijlgans,,,1111,0539 AA,45
Preferred Banking - Algemeen,CJ Noordelijke hoornraaf,,,1120,0461 AA,21
Preferred Banking - Algemeen,CJ Noordelijke reuzenteju,,,1122,0595 AA,23
Preferred Banking - Algemeen,CJ Noorse rat,,,1123,0492 AA,56
Preferred Banking - Algemeen,CJ Nyala laagland,,,1125,0096 AA,45
Preferred Banking - Algemeen,CJ Ocelot,,,1126,0595 AA,56
Preferred Banking - Algemeen,CJ Oehoe Afrikaanse,,,1129,0234 AA,78
Preferred Banking - Algemeen,CJ Oehoe Amerikaanse,,,1130,0106 AA,89
Preferred Banking - Algemeen,CJ Oehoe Canadese,,,1132,0517 AA,67
Preferred Banking - Algemeen,CJ Oehoe Siberische,,,1135,0595 AA,56
Preferred Banking - Algemeen,CJ Oehoe melk,,,1134,0541 AA,56
Preferred Banking - Algemeen,CJ Oehoe turkmeense,,,1136,0595 AA,34
Preferred Banking - Algemeen,CJ Oester,,,1144,0044 AA,21
Preferred Banking - Algemeen,CJ Okerzeester,,,1146,0595 AA,91
Preferred Banking - Algemeen,CJ Olifant aziatische,,,1148,0595 AA,78
Preferred Banking - Algemeen,CJ Olifantspitsmuis kortoor,,,1149,0595 AA,45
Preferred Banking - Algemeen,CJ Onager,,,1150,0218 AA,21
Preferred Banking - Algemeen,CJ Ooievaar europese,,,1153,0553 AA,45
Preferred Banking - Algemeen,CJ Ooievaar magoeari,,,1154,0385 AA,45
Preferred Banking - Algemeen,CJ Ooievaar zwarte,,,1155,0595 AA,21
Preferred Banking - Algemeen,CJ Oostelijke chipmunk,,,1160,0305 AA,23
Preferred Banking - Algemeen,CJ Oostelijke wangzakeekhoorn,,,1161,0256 AA,56
Preferred Banking - Algemeen,CJ Orang oetan borneose,,,1163,0180 AA,21
Preferred Banking - Algemeen,CJ Otter Europese,,,1170,0595 AA,56
Preferred Banking - Algemeen,CJ Pacu,,,1174,0472 AA,78
Preferred Banking - Algemeen,CJ Pad gewone,,,1176,0544 AA,56
Preferred Banking - Algemeen,CJ Palmroller,,,1181,0058 AA,78
Preferred Banking - Algemeen,CJ Pannenkoekschildpad,,,1183,0193 AA,91
Preferred Banking - Algemeen,CJ Papegaaiduiker,,,1191,0567 AA,45
Preferred Banking - Algemeen,CJ Paradijs tangara,,,1193,0150 AA,89
Preferred Banking - Algemeen,CJ Paradijskraanvogel,,,1194,0595 AA,34
Preferred Banking - Algemeen,CJ Parelhagedis,,,1197,0595 AA,89
Preferred Banking - Algemeen,CJ Parkiet barraband,,,1203,0595 AA,78
Preferred Banking - Algemeen,CJ Parkiet goud,,,1206,0095 AA,67
Preferred Banking - Algemeen,CJ Parkiet konings,,,1207,0595 AA,34
Preferred Banking - Algemeen,CJ Patagonische haas,,,1214,0419 AA,45
Preferred Banking - Algemeen,CJ Patagonische rotsparkiet,,,1215,0210 AA,45
Preferred Banking - Algemeen,CJ Patrijs,,,1217,0504 AA,34
Preferred Banking - Algemeen,CJ Pauw Congo,,,1220,0341 AA,21
Preferred Banking - Algemeen,CJ Pauwfazant grijze,,,1223,0595 AA,23
Preferred Banking - Algemeen,CJ Pauwoogsierschildpad,,,1225,0298 AA,91
Preferred Banking - Algemeen,CJ Pelikaan roze,,,1230,0429 AA,45
Preferred Banking - Algemeen,CJ Peposaca,,,1235,0505 AA,34
Preferred Banking - Algemeen,CJ Peruaanse tak zwarte,,,1237,0595 AA,12
Preferred Banking - Algemeen,CJ Pijlgifkikker blauwe,,,1245,0595 AA,45
Preferred Banking - Algemeen,CJ Pinguïn ezels,,,1252,0304 AA,89
Preferred Banking - Algemeen,CJ Pizote,,,1259,0595 AA,78
Preferred Banking - Algemeen,CJ Plevier smids,,,1261,0450 AA,89
Preferred Banking - Algemeen,Cavia tamme,V,1949,283,0528 AA,45
Preferred Banking - Algemeen,Chinese dwergkwartel,M,1942,298,0541 AA,56
Preferred Banking - Algemeen,Chinese kraanvogel,V,1940,299,0541 AA,56
Preferred Banking - Algemeen,Chipmunk,M,1966,304,0178 AA,45
Preferred Banking - Algemeen,Chuckwalla reuzen,M,1968,306,0385 AA,45
Preferred Banking - Algemeen,Civetkat maleise,V,1976,311,0402 AA,89
Preferred Banking - Algemeen,Cubaanse boa,V,1966,329,0210 AA,45
Preferred Banking - Algemeen,Cubaanse flamingo,M,1980,330,0329 AA,89
Preferred Banking - Algemeen,Damhert europees,M,1956,336,0418 AA,45
Preferred Banking - Algemeen,Dikhoornschaap,M,1972,346,0375 AA,45
Preferred Banking - Algemeen,Doosschildpad driestreep,M,1959,360,0388 AA,56
Preferred Banking - Algemeen,Ducorps kaketoe,V,1942,375,0492 AA,56
Preferred Banking - Algemeen,Duif Temmincks,V,1950,383,0122 AA,78
Preferred Banking - Algemeen,Duif groenvleugel,M,1955,378,0067 AA,89
Preferred Banking - Algemeen,Duif manen,M,1948,379,0122 AA,78
Preferred Banking - Algemeen,Duif witnekfazant,M,1943,385,0528 AA,45
Preferred Banking - Algemeen,Duiker rode,M,1948,387,0595 AA,89
Preferred Banking - Algemeen,Dwergratelslang,V,1947,403,0500 AA,56
Preferred Banking - Algemeen,Dwergvaraan gillen's,M,1963,405,0200 AA,21
Preferred Banking - Algemeen,Eend berg,V,1957,415,0067 AA,89
Preferred Banking - Algemeen,Egelvis bruine,V,1969,426,0021 AA,91
Preferred Banking - Algemeen,Ekstergaai,V,1967,435,0200 AA,21
Preferred Banking - Algemeen,Elandantilope,M,1919,438,0350 AA,34
Preferred Banking - Algemeen,Euraziatische lynx,M,1958,441,0214 AA,23
Preferred Banking - Algemeen,Europeese bruine beer,M,1954,443,0209 AA,45
Preferred Banking - Algemeen,Europese flamingo,V,1959,445,0209 AA,45
Preferred Banking - Algemeen,Europese tafeleend,M,1972,452,0227 AA,56
Preferred Banking - Algemeen,Everlipvis,M,1962,456,0128 AA,89
Preferred Banking - Algemeen,Everzwijn,M,1971,457,0529 AA,34
Preferred Banking - Algemeen,Fazant Himalaya glans,M,1950,463,0372 AA,34
Preferred Banking - Algemeen,Fazant Lady Amherst,V,1960,465,0469 AA,45
Preferred Banking - Algemeen,Fazant Vieillot vuurrug,V,1977,466,0227 AA,56
Preferred Banking - Algemeen,Fennek vos,M,1963,469,0501 AA,91
Preferred Banking - Algemeen,Galago Senegal,M,1955,491,0552 AA,45
Preferred Banking - Algemeen,Gans hawaÏ,M,1948,496,0288 AA,12
Preferred Banking - Algemeen,Gaviaal valse,M,1979,505,0276 AA,12
Preferred Banking - Algemeen,Gierparelhoen,M,1950,552,0424 AA,23
Preferred Banking - Algemeen,Gifkikker,M,1991,553,0232 AA,23
Preferred Banking - Algemeen,Gilamonster,M,1962,554,0054 AA,89
Preferred Banking - Algemeen,Glansspreeuw purper,M,1948,564,0287 AA,67
Preferred Banking - Algemeen,Gopherslang sonora,M,1955,574,0534 AA,34
Preferred Banking - Algemeen,Gordeldier negenband,M,1948,576,0454 AA,56
Preferred Banking - Algemeen,Groene boomboa,M,1944,608,0401 AA,12
Preferred Banking - Algemeen,Groene boomkikker,V,1946,609,0401 AA,12
Preferred Banking - Algemeen,Grondkoekoek Californische,V,1970,1065,0102 AA,67
Preferred Banking - Algemeen,Harlekijnvis,M,1951,648,0438 AA,89
Preferred Banking - Algemeen,Hawaïgans,M,1949,650,0305 AA,23
Preferred Banking - Algemeen,Heilige ibis,M,1967,651,0256 AA,56
Preferred Banking - Algemeen,Helena murene,V,1970,652,0256 AA,56
Preferred Banking - Algemeen,Heremietkrab,M,1956,658,0421 AA,45
Preferred Banking - Algemeen,Hert canadese eland,M,1959,662,0180 AA,21
Preferred Banking - Algemeen,Hert prins alfred,V,1955,663,0345 AA,21
Preferred Banking - Algemeen,Hokko bruine,M,1969,671,0079 AA,45
Preferred Banking - Algemeen,Hond afrikaanse wilde,V,1961,678,0449 AA,45
Preferred Banking - Algemeen,Hond aziatische wilde,M,1961,679,0450 AA,89
Preferred Banking - Algemeen,Honingbeer,V,1945,681,0324 AA,23
Preferred Banking - Algemeen,Hooglandkarper,M,1963,684,0439 AA,21
Preferred Banking - Algemeen,Huisyak,M,1964,688,0472 AA,78
Preferred Banking - Algemeen,Humboldt pinguïn,M,1970,689,0396 AA,12
Preferred Banking - Algemeen,Hyena gevlekte,M,1964,693,0472 AA,78
Preferred Banking - Algemeen,Hyenahond,M,1945,694,0473 AA,21
Preferred Banking - Algemeen,IJslandse brilduiker,M,1949,706,0419 AA,45
Preferred Banking - Algemeen,Ibis hagedash,M,1948,696,0222 AA,34
Preferred Banking - Algemeen,Ibis kaalkop,M,1947,699,0595 AA,34
Preferred Banking - Algemeen,Incastern,M,1953,708,0452 AA,23
Preferred Banking - Algemeen,Indische brilvogel,M,1977,712,0110 AA,91
Preferred Banking - Algemeen,Indische gazelle,M,1966,714,0058 AA,78
Preferred Banking - Algemeen,Indische neushoorn,M,1955,715,0266 AA,67
Preferred Banking - Algemeen,Indische tapir,V,1949,717,0416 AA,21
Preferred Banking - Algemeen,Jachtluipaard,M,1952,723,0258 AA,34
Preferred Banking - Algemeen,Jackies,M,1929,724,0084 AA,67
Preferred Banking - Algemeen,Jacuaru,M,1953,725,0193 AA,91
Preferred Banking - Algemeen,Jak,V,1951,727,0193 AA,91
Preferred Banking - Algemeen,Jamesons zwartstaart mamba,V,1971,729,0396 AA,12
Preferred Banking - Algemeen,Jassana,M,1949,734,0559 AA,78
Preferred Banking - Algemeen,Java pauw,M,1975,737,0335 AA,21
Preferred Banking - Algemeen,Jezushagedis,M,1954,740,0095 AA,67
Preferred Banking - Algemeen,Jufferduif roodkap,V,1957,741,0097 AA,91
Preferred Banking - Algemeen,Kaaiman bril,M,1947,747,0461 AA,21
Preferred Banking - Algemeen,Kaaiman dwerg,M,1964,748,0431 AA,45
Preferred Banking - Algemeen,Kaaimanteju,M,1946,749,0108 AA,34
Preferred Banking - Algemeen,Kaapse grondeekhoorn,M,1955,751,0494 AA,12
Preferred Banking - Algemeen,Kabeljauw,V,1955,753,0044 AA,21
Preferred Banking - Algemeen,Kaketoe kleine geelkuif,V,1970,756,0383 AA,23
Preferred Banking - Algemeen,Kalkoen wilde,M,1961,766,0544 AA,56
Preferred Banking - Algemeen,Kalkoengier,V,1964,767,0544 AA,56
Preferred Banking - Algemeen,Kameel,V,1949,768,0461 AA,21
Preferred Banking - Algemeen,Kangoeroe rode reuzen,V,1978,774,0179 AA,34
Preferred Banking - Algemeen,Kantjil Javaanse,,1942,775,0595 AA,91
Preferred Banking - Algemeen,Kappersgarnaal,M,1943,778,0567 AA,45
Preferred Banking - Algemeen,Kardinaalbaars juweel,V,1948,779,0567 AA,45
Preferred Banking - Algemeen,Kardinaalbaars pyjama,V,1959,780,0505 AA,34
Preferred Banking - Algemeen,Karetschildpad,V,1982,781,0099 AA,78
Preferred Banking - Algemeen,Kastanje eend,M,1960,785,0267 AA,89
Preferred Banking - Algemeen,Kastanje taling,M,1950,786,0177 AA,21
Preferred Banking - Algemeen,Kat europese wilde,M,1971,787,0053 AA,12
Preferred Banking - Algemeen,Kat vissende,V,1951,789,0419 AA,45
Preferred Banking - Algemeen,Kiekendief Afrikaanse holen,V,1956,805,0424 AA,23
Preferred Banking - Algemeen,Kitta roodsnavel,M,1943,816,0553 AA,45
Preferred Banking - Algemeen,Koedoe kleine,M,1948,834,0378 AA,78
Preferred Banking - Algemeen,Koffervis gehoornde,M,1948,840,0112 AA,21
Preferred Banking - Algemeen,Koraalduivel,M,1967,864,0455 AA,78
Preferred Banking - Algemeen,Korsthagedis,M,1945,869,0517 AA,67
Preferred Banking - Algemeen,Kortoor olifantspitsmuis,V,1935,870,0234 AA,78
Preferred Banking - Algemeen,Kraanvogel Chinese,M,1958,874,0341 AA,21
Preferred Banking - Algemeen,Kraanvogel juffer,V,1961,876,0180 AA,21
Preferred Banking - Algemeen,Kraanvogel paradijs,M,1980,879,0143 AA,91
Preferred Banking - Algemeen,Krokodilstaarthagedis chinese,V,1936,895,0103 AA,21
Preferred Banking - Algemeen,Kroonduif scheepmakers,V,1957,897,0504 AA,34
Preferred Banking - Algemeen,Kropgazelle,M,1947,906,0219 AA,56
Preferred Banking - Algemeen,Kuifhoenderkoet,M,1960,910,0150 AA,89
Preferred Banking - Algemeen,Kwak,V,1966,915,0336 AA,23
Preferred Banking - Algemeen,Landschildpad griekse,M,1948,935,0382 AA,91
Preferred Banking - Algemeen,Lanspuntslang,M,1956,942,0505 AA,34
Preferred Banking - Algemeen,Latestei's adder,,1950,945,0403 AA,12
Preferred Banking - Algemeen,Leeuw afrikaanse,V,1943,946,0517 AA,67
Preferred Banking - Algemeen,Leguaan fiji,M,1950,950,0299 AA,45
Preferred Banking - Algemeen,Leguaan zwarte,M,1949,955,0008 AA,21
Preferred Banking - Algemeen,Lelkraanvogel,V,1970,959,0429 AA,45
Preferred Banking - Algemeen,Longvis West-Afrikaanse,M,1962,970,0210 AA,45
Preferred Banking - Algemeen,Lori geelmantel,M,1979,972,0304 AA,89
Preferred Banking - Algemeen,Lori van de blauwe bergen,V,1952,973,0299 AA,45
Preferred Banking - Algemeen,Luipaard,V,1953,976,0305 AA,23
Preferred Banking - Algemeen,Luipaardtrekkersvis,M,1939,980,0492 AA,56
Preferred Banking - Algemeen,Madagaskar grondboa,V,1967,983,0187 AA,45
Preferred Banking - Algemeen,Makaak zwarte kuif,M,1950,990,0413 AA,67
Preferred Banking - Algemeen,Maki bamboe,M,1966,991,0429 AA,45
Preferred Banking - Algemeen,Maki ringstaart,V,1947,994,0553 AA,45
Preferred Banking - Algemeen,Maleise sabelsprinkhaan,V,1959,1002,0372 AA,34
Preferred Banking - Algemeen,Maleise slang,V,1961,1003,0150 AA,89
Preferred Banking - Algemeen,Mangabey kuif,M,1955,1019,0058 AA,78
Preferred Banking - Algemeen,Mangoest dwerg,V,1937,1020,0244 AA,23
Preferred Banking - Algemeen,Mangoest smalstreep,M,1938,1021,0234 AA,78
Preferred Banking - Algemeen,Mangoest vos,M,1940,1022,0244 AA,23
Preferred Banking - Algemeen,Mantelbaviaan,M,1944,1026,0073 AA,12
Preferred Banking - Algemeen,Mara,V,1945,1027,0298 AA,91
Preferred Banking - Algemeen,Marajo cascaval,M,1947,1029,0167 AA,34
Preferred Banking - Algemeen,Markhor,M,1959,1032,0368 AA,78
Preferred Banking - Algemeen,Marter bonte,M,1948,1034,0070 AA,23
Preferred Banking - Algemeen,Maskerhokko,M,1950,1036,0391 AA,91
Preferred Banking - Algemeen,Mata-mata,M,1953,1039,0106 AA,89
Preferred Banking - Algemeen,McCord's slangenhalsschildpad,M,1954,1040,0096 AA,45
Preferred Banking - Algemeen,Meesterstekelleguaan,M,1955,1044,0345 AA,21
Preferred Banking - Algemeen,Moerasschildpad Europese,V,1969,1061,0363 AA,45
Preferred Banking - Algemeen,Moko,M,1969,1063,0102 AA,67
Preferred Banking - Algemeen,Molukken kaketoe,M,1969,1064,0369 AA,91
Preferred Banking - Algemeen,Murene groene,M,1945,1075,0298 AA,91
Preferred Banking - Algemeen,Murene helena,M,1978,1076,0179 AA,34
Preferred Banking - Algemeen,Muskaatduif,V,1990,1077,0355 AA,56
Preferred Banking - Algemeen,Netmurene grote,M,1946,1094,0459 AA,21
Preferred Banking - Algemeen,Nilgai,M,1968,1117,0539 AA,45
Preferred Banking - Algemeen,Noord-Afrikaans stekelvarken,V,1970,1119,0539 AA,45
Preferred Banking - Algemeen,Pikkewijn,V,1962,1248,0318 AA,56
Preferred Banking - Algemeen,Pinguïn humboldt,V,1979,1253,0304 AA,89
Preferred Banking - Algemeen,Piranha,V,1960,1257,0096 AA,45
Preferred Banking - Algemeen,Prairiehond,M,1942,1270,0366 AA,34
Preferred Banking - Lokale excep.,CJ Pauwkalkoen,,,1224,0595 AA,89
Preferred Banking - Lokale excep.,Lelkievit indonesische,V,1957,958,0584 AA,12
Preferred Banking - Lokale excep.,Margay,M,1947,1031,0526 AA,67
Preferred Banking - Medici,Aap roodgezichtslinger,M,1950,18,0016 AA,56
Preferred Banking - Medici,Blauwe doktersvis,V,1965,172,0462 AA,12
Preferred Banking - Medici,Burmeese tijgerpython,M,1983,258,0213 AA,23
Preferred Banking - Medici,Buulbuul witkop zwarte,M,1985,259,0281 AA,34
Preferred Banking - Medici,CJ Gier vale,,,548,0178 AA,45
Preferred Banking - Medici,CJ Nijlvaraan,,,1116,0077 AA,89
Preferred Banking - Medici,CJ Parelskink,,,1201,0465 AA,23
Preferred Banking - Medici,Dhole,M,1951,342,0470 AA,67
Preferred Banking - Medici,Giraffe Angola,V,1978,556,0255 AA,56
Preferred Banking - Medici,Hardoen syrische,V,1977,647,0240 AA,56
Preferred Banking - Medici,Indiase brilcobra,,1930,709,0465 AA,23
Preferred Banking - Medici,Jufferkraanvogel,M,1956,742,0464 AA,34
Preferred Banking - Medici,Kievit sporen,V,1988,811,0048 AA,56
Preferred Banking - Medici,Klapperrat,V,1960,818,0465 AA,23
Preferred Banking - Medici,Krabbenetende wasbeer,M,1946,884,0397 AA,21
Preferred Banking - Medici,Mamba groene,V,1947,1006,0077 AA,89
Preferred Banking - Medici,Meerkat zuidafrikaanse,M,1955,1043,0422 AA,78
Preferred Banking - Medici,Muntjak Chinese,V,1975,1074,0178 AA,45
Preferred Banking - Medici,Pad Surinaamse,M,1988,1177,0114 AA,56
Preferred Banking - Medici,Peruviaans zwartkop doodshoofdaapje,M,1946,1238,0077 AA,89
Preferred Banking - Medici,Pijlgifkikker,M,1969,1244,0212 AA,34
Private banking International,Goudhaas,M,1972,586,0595 AA,23
Professional met arrangement,CJ Koraalgobie gele,,,865,0549 AA,56
Retail Basis,Aalscholver,V,1980,1,0151 AA,91
Retail Basis,Aap bruinkopslinger,M,1966,6,0200 AA,17
Retail Basis,Aap franje zwart-witte,V,1994,2,0356 AA,12
Retail Basis,Aap japanse makaak,V,1956,11,0173 AA,56
Retail Basis,Aap keizertamarin,V,1977,13,0566 AA,21
Retail Basis,Aap laponder,M,1973,14,0566 AA,21
Retail Basis,Aap oeistitie zwartpluim,V,1985,16,0563 AA,91
Retail Basis,Aardbeikoraal,M,1953,24,0593 AA,91
Retail Basis,Aardmannetje,V,1954,25,0593 AA,91
Retail Basis,Acouchi groene,M,1981,27,0568 AA,67
Retail Basis,Adder aspis,V,1963,29,0280 AA,89
Retail Basis,Afrikaanse leeuw,V,1982,40,0139 AA,23
Retail Basis,Afrikaanse olifant,M,1972,42,0595 AA,23
Retail Basis,Afrikaanse wilde hond,V,1984,45,0568 AA,67
Retail Basis,Agaatslak,M,1950,46,0081 AA,78
Retail Basis,Algazel,M,1986,54,0085 AA,12
Retail Basis,Alpenhond,V,1956,59,0499 AA,89
Retail Basis,Amazone blauwvoorhoofd,V,1984,63,0146 AA,56
Retail Basis,Amazone geelnek,V,1986,66,0595 AA,67
Retail Basis,Amerikaanse jassana,M,1971,69,0328 AA,12
Retail Basis,Amoerpanter,V,1991,75,0024 AA,89
Retail Basis,Anemoonvis drieband,V,1981,79,0220 AA,56
Retail Basis,Ara geelvleugel,M,1982,88,0123 AA,23
Retail Basis,Australische wandelende tak,V,1985,109,0206 AA,78
Retail Basis,Australische zoetwater krokodil,M,1962,110,0145 AA,56
Retail Basis,Axolotl,M,1984,112,0481 AA,21
Retail Basis,Aziatische arowana,V,1984,113,0020 AA,56
Retail Basis,Aziatische wilde ezel,M,1985,119,0507 AA,67
Retail Basis,Baardagame dwerg,M,1981,121,0467 AA,89
Retail Basis,Baarduil,V,1980,122,0467 AA,89
Retail Basis,Bamboemaki,V,1989,127,0595 AA,34
Retail Basis,Baviaan mantel,M,1988,138,0474 AA,45
Retail Basis,Beer bruine,V,1987,140,0330 AA,67
Retail Basis,Beer kodiak,M,1982,141,0105 AA,91
Retail Basis,Bengaalse tijgerkat,M,1982,147,0418 AA,45
Retail Basis,Bennet wallibie tasmaanse,M,1963,149,0162 AA,12
Retail Basis,Berberpad,M,1983,151,0516 AA,56
Retail Basis,Bever Canadese,V,1972,157,0555 AA,23
Retail Basis,Bijeneter noordelijke karmijnrode,M,1973,161,0063 AA,67
Retail Basis,Binturong,M,1942,163,0153 AA,12
Retail Basis,Bison canadese,V,1972,165,0119 AA,45
Retail Basis,Blad wandelend,M,1977,167,0381 AA,12
Retail Basis,Bladtak groen,M,1965,168,0362 AA,34
Retail Basis,Blaffende jackass,V,1966,169,0362 AA,34
Retail Basis,Blauw-gele ara,M,1962,177,0253 AA,91
Retail Basis,Blauwe pijlgifkikker,V,1960,176,0572 AA,78
Retail Basis,Blauwgezicht honingeter,M,1959,178,0226 AA,45
Retail Basis,Blauwkroon amazone,V,1967,180,0342 AA,23
Retail Basis,Blauwwang honingeter,M,1984,186,0558 AA,23
Retail Basis,Bloembidsprinkhaan Tanzaniaanse,M,1987,189,0334 AA,23
Retail Basis,Boa cubaanse,M,1979,190,0333 AA,67
Retail Basis,Boa madagaskar grond,V,1973,193,0584 AA,12
Retail Basis,Boesmani regenboogvis,M,1976,195,0510 AA,23
Retail Basis,Boliviaans doodshoofdaapje,V,1977,196,0510 AA,23
Retail Basis,Bonte boomkikker,V,1960,201,0575 AA,34
Retail Basis,Bonte varaan,V,1990,205,0594 AA,21
Retail Basis,Boomboa groene,V,1962,208,0512 AA,23
Retail Basis,Boomboa madagaskar,V,1984,209,0400 AA,21
Retail Basis,Boompython groene,M,1963,218,0190 AA,91
Retail Basis,Bosratelslang,M,1980,227,0282 AA,89
Retail Basis,Braziliaanse kaaiman,V,1964,235,0404 AA,67
Retail Basis,Brede flappentak,M,1976,238,0446 AA,34
Retail Basis,Breedlipneushoorn,M,1973,239,0440 AA,78
Retail Basis,Brilvogel indische,M,1961,244,0548 AA,45
Retail Basis,Bronskoptaling,M,1953,247,0522 AA,56
Retail Basis,Bruine rat,V,1959,254,0225 AA,23
Retail Basis,Brulaap,V,1971,256,0201 AA,45
Retail Basis,CJ Aap gouden leeuw,,,9,0595 AA,23
Retail Basis,CJ Aap zwarte slinger,,,3,0595 AA,34
Retail Basis,CJ Addax,,,28,0568 AA,67
Retail Basis,CJ Adder latestei's,,,30,0151 AA,91
Retail Basis,CJ Ai,,,52,0595 AA,23
Retail Basis,CJ Alk,,,55,0151 AA,91
Retail Basis,CJ Alpengeit,,,58,0595 AA,45
Retail Basis,CJ Andespoedoe,,,78,0220 AA,56
Retail Basis,CJ Ara blauwvleugel,,,87,0595 AA,21
Retail Basis,CJ Ara groenvleugel,,,89,0595 AA,67
Retail Basis,CJ Axishert,,,111,0145 AA,56
Retail Basis,CJ Baardvogel vuurkop,,,123,0467 AA,89
Retail Basis,CJ Balispreeuw,,,125,0515 AA,23
Retail Basis,CJ Bamboepage,,,128,0485 AA,67
Retail Basis,CJ Bengaalse witte tijger,,,148,0595 AA,91
Retail Basis,CJ Blauwbuischarrelaar,,,170,0362 AA,34
Retail Basis,CJ Blauwoorglansspreeuw,,,181,0342 AA,23
Retail Basis,CJ Bloedvlektetra,,,187,0563 AA,91
Retail Basis,CJ Boa groene boom,,,191,0080 AA,56
Retail Basis,CJ Bongo,,,197,0510 AA,23
Retail Basis,CJ Bonte lipvis,,,202,0575 AA,34
Retail Basis,CJ Boomeekhoorn Chineese gestreepte,,,210,0516 AA,56
Retail Basis,CJ Boomkangoeroe Goodfellow,,,213,0292 AA,23
Retail Basis,CJ Boomskink,,,219,0190 AA,91
Retail Basis,CJ Brasem gestreepte,,,233,0570 AA,23
Retail Basis,CJ Braziliaanse reuzenschildpad,,,236,0404 AA,67
Retail Basis,CJ Breedvoorhoofdkrokodil,,,240,0595 AA,91
Retail Basis,CJ Bruine bosuil,,,251,0595 AA,78
Retail Basis,CJ Buizerd woestijn,,,257,0201 AA,45
Retail Basis,CJ Canadese oehoe,,,268,0068 AA,91
Retail Basis,CJ Capucijnaap gewone,,,272,0595 AA,34
Retail Basis,CJ Caracara kuif,,,276,0296 AA,78
Retail Basis,CJ Carolina eend,,,278,0338 AA,21
Retail Basis,CJ Cascaval marajo,,,280,0033 AA,21
Retail Basis,CJ Celebesbaviaan,,,285,0595 AA,91
Retail Basis,CJ Degenkrab,,,339,0148 AA,45
Retail Basis,CJ Diamantratelslang rode,,,345,0487 AA,34
Retail Basis,CJ Doktersvis blauwe,,,349,0595 AA,45
Retail Basis,CJ Doktersvis gele zeilvin,,,351,0595 AA,34
Retail Basis,CJ Doornstaartagame afrikaanse,,,358,0029 AA,34
Retail Basis,CJ Doornstaartagame leptiens,,,359,0595 AA,67
Retail Basis,CJ Drietenige luiaard,,,369,0595 AA,67
Retail Basis,CJ Dwerg baardagame,,,390,0149 AA,12
Retail Basis,CJ Dwergflamingo,,,393,0275 AA,23
Retail Basis,CJ Dwergooruil,,,400,0270 AA,12
Retail Basis,CJ Eekhoorn oostelijke wangzak,,,409,0155 AA,12
Retail Basis,CJ Eekhoorn rood,,,411,0313 AA,12
Retail Basis,CJ Eend peposaca,,,422,0595 AA,34
Retail Basis,CJ Eidereend,,,432,0164 AA,45
Retail Basis,CJ Ezelspinguïn,,,460,0595 AA,21
Retail Basis,CJ Flamingo dwerg,,,475,0186 AA,89
Retail Basis,CJ Fregateilandkever,,,486,0317 AA,89
Retail Basis,CJ Gans kleine sneeuw,,,499,0584 AA,12
Retail Basis,CJ Goendi,,,569,0148 AA,45
Retail Basis,CJ Goudparkiet,,,588,0595 AA,91
Retail Basis,CJ Grijze zeehond,,,604,0503 AA,67
Retail Basis,CJ Grote koedoe,,,628,0349 AA,12
Retail Basis,CJ Grévy zebra,,,593,0038 AA,34
Retail Basis,CJ Guinees biggetje,,,633,0595 AA,91
Retail Basis,CJ Hoornraaf zuidelijke,,,687,0566 AA,21
Retail Basis,CJ Komodo varaan,,,847,0107 AA,23
Retail Basis,CJ Nanday parkiet,,,1086,0595 AA,56
Retail Basis,CJ Natalbaars,,,1089,0071 AA,67
Retail Basis,CJ Negenband gordeldier,,,1090,0595 AA,45
Retail Basis,CJ Nerts Europese,,,1092,0309 AA,67
Retail Basis,CJ Neusbeer rode,,,1096,0595 AA,12
Retail Basis,CJ Neusbeer witsnuit,,,1097,0542 AA,78
Retail Basis,CJ Neushoorn indische,,,1098,0353 AA,56
Retail Basis,CJ Neushoorn witte,,,1100,0133 AA,78
Retail Basis,CJ Neushoornvogel roodbruine of rosse,,,1103,0259 AA,12
Retail Basis,CJ Neushoornvogel witkuif,,,1105,0551 AA,67
Retail Basis,CJ Neushoornvogel zwarte,,,1106,0595 AA,45
Retail Basis,CJ Nijlkrokodil,,,1113,0595 AA,21
Retail Basis,CJ Noordelijke karmijnrode bijeneter,,,1121,0493 AA,67
Retail Basis,CJ Nubische geit,,,1124,0595 AA,56
Retail Basis,CJ Oehoe,,,1128,0191 AA,91
Retail Basis,CJ Oehoe kaapse,,,1133,0532 AA,45
Retail Basis,CJ Oeistitie witgezicht,,,1138,0536 AA,23
Retail Basis,CJ Oeistitie witpluim,,,1139,0573 AA,67
Retail Basis,CJ Oeistitie zilver,,,1140,0522 AA,56
Retail Basis,CJ Oeistitie zwartpluim,,,1141,0595 AA,34
Retail Basis,CJ Oeros,,,1143,0595 AA,56
Retail Basis,CJ Okapi,,,1145,0595 AA,56
Retail Basis,CJ Olifant afrikaanse,,,1147,0595 AA,21
Retail Basis,CJ Onechte gaviaal,,,1151,0249 AA,45
Retail Basis,CJ Ooevaar zadelbek,,,1152,0595 AA,78
Retail Basis,CJ Oorfazant blauwe,,,1156,0133 AA,78
Retail Basis,CJ Oorfazant witte,,,1157,0589 AA,56
Retail Basis,CJ Oostelijke aardeekhoorn,,,1159,0595 AA,67
Retail Basis,CJ Oropendola groene,,,1165,0595 AA,67
Retail Basis,CJ Oryx,,,1167,0545 AA,67
Retail Basis,CJ Otter dwerg,,,1169,0595 AA,67
Retail Basis,CJ Paardantilope zwarte,,,1171,0565 AA,91
Retail Basis,CJ Pacifische walrus,,,1173,0595 AA,12
Retail Basis,CJ Pallaskat,,,1179,0451 AA,67
Retail Basis,CJ Palmgier,,,1180,0386 AA,21
Retail Basis,CJ Panda klein rood,,,1182,0326 AA,56
Retail Basis,CJ Panter amoer,,,1184,0265 AA,89
Retail Basis,CJ Panter sri lanka,,,1186,0223 AA,34
Retail Basis,CJ Pantserkrokodil,,,1188,0557 AA,21
Retail Basis,CJ Papegaai grijze roodstaart,,,1189,0059 AA,67
Retail Basis,CJ Papegaai kraag,,,1190,0200 AA,19
Retail Basis,CJ Paradijs kraanvogel,,,1192,0200 AA,19
Retail Basis,CJ Parelhoen helm,,,1199,0595 AA,12
Retail Basis,CJ Parelhoen kroon,,,1200,0595 AA,89
Retail Basis,CJ Parkiet barnard,,,1202,0497 AA,12
Retail Basis,CJ Parkiet berg,,,1204,0228 AA,89
Retail Basis,CJ Parkiet nanday,,,1208,0595 AA,56
Retail Basis,CJ Parkiet zon,,,1211,0163 AA,91
Retail Basis,CJ Parma wallabie,,,1212,0595 AA,12
Retail Basis,CJ Patagonische zeeleeuw,,,1216,0410 AA,67
Retail Basis,CJ Patrijs aziatische steen,,,1218,0543 AA,78
Retail Basis,CJ Pauwfazant germain,,,1222,0595 AA,45
Retail Basis,CJ Pelikaan kroeskop,,,1228,0200 AA,11
Retail Basis,CJ Penseelaapje dwerg,,,1232,0595 AA,56
Retail Basis,CJ Penseelaapje witoor,,,1233,0595 AA,78
Retail Basis,CJ Peruaanse pygmee uil,,,1236,0595 AA,21
Retail Basis,CJ Perzisch luipaard,,,1239,0595 AA,23
Retail Basis,CJ Picazuroduif,,,1241,0320 AA,78
Retail Basis,CJ Picolet,,,1242,0595 AA,45
Retail Basis,CJ Pinguïn konings,,,1254,0595 AA,23
Retail Basis,CJ Pygmee uil peruaanse,,,1277,0194 AA,12
Retail Basis,CJ Python groene boom,,,1280,0566 AA,21
Retail Basis,Californische kettingslang,V,1986,261,0148 AA,45
Retail Basis,Canadese eland,M,1987,265,0430 AA,89
Retail Basis,Canadese gans middelste,M,1988,266,0068 AA,91
Retail Basis,Canadese kraanvogel,M,1991,267,0068 AA,91
Retail Basis,Capibara,V,1963,269,0068 AA,91
Retail Basis,Capucijnaap bruine,M,1958,270,0068 AA,91
Retail Basis,Capucijnaap geelborst,M,1927,271,0550 AA,67
Retail Basis,Caracal,V,1988,275,0296 AA,78
Retail Basis,Casarca rode,M,1979,279,0033 AA,21
Retail Basis,Ceylon junglehoen,M,1955,286,0250 AA,34
Retail Basis,Chapman zebra,V,1954,287,0161 AA,34
Retail Basis,Chili arend,V,1983,293,0574 AA,67
Retail Basis,Chimpansee west afrikaanse,V,1965,294,0226 AA,45
Retail Basis,China parkiet,M,1948,295,0071 AA,67
Retail Basis,Chinchilla,M,1990,296,0595 AA,23
Retail Basis,Chinese alligator,M,1981,297,0478 AA,23
Retail Basis,Chinese krokodilstaarthagedis,M,1980,300,0518 AA,89
Retail Basis,Chinese neusslang,V,1948,302,0347 AA,56
Retail Basis,Chinese reuzensalamander,M,1945,303,0513 AA,78
Retail Basis,Chital,V,1944,305,0414 AA,89
Retail Basis,Chukar patrijs,M,1949,307,0354 AA,45
Retail Basis,Cichlide Tangajikameer,M,1951,310,0230 AA,34
Retail Basis,Cichlide managua,V,1961,308,0354 AA,45
Retail Basis,Clownvis,V,1964,312,0444 AA,21
Retail Basis,Coati,V,1972,313,0323 AA,34
Retail Basis,Cobra,M,1947,315,0589 AA,56
Retail Basis,Cobra egyptische,V,1984,316,0194 AA,12
Retail Basis,Cobra monocle,V,1948,317,0140 AA,67
Retail Basis,Cobra mozambikaanse spuwende,M,1984,318,0087 AA,89
Retail Basis,Cobra spuwende,M,1973,320,0536 AA,23
Retail Basis,Cobra zwart-witte bos,V,1932,322,0505 AA,34
Retail Basis,Cobra zwarthals,V,1978,321,0536 AA,23
Retail Basis,Colobusaap,V,1964,323,0145 AA,56
Retail Basis,Coscorobazwaan,M,1979,327,0570 AA,23
Retail Basis,D'Albert's python,M,1954,334,0275 AA,23
Retail Basis,Darwin nandoe,M,1989,337,0148 AA,45
Retail Basis,Dennenappelskink,M,1974,341,0261 AA,78
Retail Basis,Diadeem zeeëgel,V,1961,343,0302 AA,23
Retail Basis,Diadeemslang,V,1959,344,0098 AA,23
Retail Basis,Doeroecoeli,M,1985,347,0377 AA,67
Retail Basis,Doktersvis Bahia,M,1975,348,0137 AA,18
Retail Basis,Doktersvis Cortez,M,1942,350,0135 AA,78
Retail Basis,Dolfijn tuimelaar,V,1944,352,0135 AA,78
Retail Basis,Doodshoofdaapje,,1951,355,0170 AA,78
Retail Basis,Doodshoofdaapje zwartkop Peruviaans,V,1941,357,0029 AA,34
Retail Basis,Doosschildpad drieteen,M,1962,361,0092 AA,91
Retail Basis,Douroucoulie,M,1971,362,0036 AA,23
Retail Basis,Drieband anemoonvis,V,1964,363,0235 AA,45
Retail Basis,Driekleur eekhoorn,V,1963,364,0398 AA,91
Retail Basis,Drieteen doosschildpad,M,1965,367,0127 AA,21
Retail Basis,Dromedaris,V,1982,371,0300 AA,78
Retail Basis,Dubbele geelkop amazone,V,1992,373,0126 AA,12
Retail Basis,Dubbelhoornige neushoornvogel,M,1962,374,0286 AA,21
Retail Basis,Duif Bartletts dolksteek,M,1975,376,0376 AA,12
Retail Basis,Duif roodkapjuffer,V,1970,382,0312 AA,23
Retail Basis,Duif zwartnek vruchten,M,1945,386,0082 AA,21
Retail Basis,Duivenbode's lori,V,1943,388,0149 AA,12
Retail Basis,Dwergbuffel,M,1967,391,0428 AA,34
Retail Basis,Dwergezel,V,1929,392,0293 AA,91
Retail Basis,Dwerggeit,M,1928,394,0149 AA,12
Retail Basis,Dwerggordelstaarthagedis,V,1960,395,0094 AA,34
Retail Basis,Dwergkwartel Chinese,M,1962,396,0325 AA,12
Retail Basis,Dwergmangoest,M,1964,397,0136 AA,45
Retail Basis,Dwergnijlpaard,M,1978,398,0331 AA,21
Retail Basis,Dwergoeistitie,M,1974,399,0270 AA,12
Retail Basis,Dwergotter,M,1970,402,0584 AA,12
Retail Basis,Ecuador aratinga,V,1952,406,0183 AA,78
Retail Basis,Edelhert,V,1964,407,0313 AA,12
Retail Basis,Eekhoorn Kaapse grond,V,1932,408,0155 AA,12
Retail Basis,Eekhoorn prevost,M,1962,410,0313 AA,12
Retail Basis,Eekhoorn rots,M,1958,412,0583 AA,89
Retail Basis,Eekhoorn zwarte birmaanse,M,1964,413,0152 AA,21
Retail Basis,Eend carolina,V,1957,416,0437 AA,12
Retail Basis,Eend eider,V,1987,417,0131 AA,21
Retail Basis,Eend kastanje,M,1960,419,0386 AA,21
Retail Basis,Eend mandarijn,V,1961,420,0386 AA,21
Retail Basis,Eend radjah,M,1982,423,0300 AA,78
Retail Basis,Eend slob,M,1954,424,0156 AA,21
Retail Basis,Egeltenrec,V,1960,425,0132 AA,89
Retail Basis,Egyptische cobra,V,1984,427,0487 AA,34
Retail Basis,Egyptische gier,V,1954,428,0269 AA,78
Retail Basis,Egyptische plevier,V,1978,430,0261 AA,78
Retail Basis,Eiber,V,1959,431,0262 AA,56
Retail Basis,Eieretende slang afrikaanse,V,1957,433,0164 AA,45
Retail Basis,El tigre,V,1948,436,0271 AA,89
Retail Basis,Europese grijze wolf,V,1969,446,0115 AA,23
Retail Basis,Europese kraanvogel,M,1967,447,0037 AA,78
Retail Basis,Ever,M,1942,455,0030 AA,56
Retail Basis,Fazant goud,M,1950,462,0307 AA,12
Retail Basis,Fazant vietnam,M,1968,467,0034 AA,91
Retail Basis,Fennek vos,V,1973,468,0034 AA,89
Retail Basis,Fiji leguaan,V,1951,470,0141 AA,56
Retail Basis,Fischers toerako,V,1980,472,0186 AA,89
Retail Basis,Flamingo Europese,M,1972,476,0186 AA,89
Retail Basis,Flamingo chileense,M,1958,473,0399 AA,78
Retail Basis,Flappentak brede,M,1949,478,0540 AA,67
Retail Basis,Florida pijnboomslang,V,1974,479,0523 AA,45
Retail Basis,Franjeaap zwart-witte,V,1986,485,0317 AA,89
Retail Basis,Gangesbrilvogel,M,1950,493,0299 AA,45
Retail Basis,Gans nijl,V,1948,500,0271 AA,89
Retail Basis,Gaviaal onechte,M,1975,504,0174 AA,91
Retail Basis,Gehoornde koffervis,V,1968,514,0595 AA,78
Retail Basis,Gekroonde tok,M,1952,518,0309 AA,67
Retail Basis,Gele rattenslang,M,1983,521,0136 AA,56
Retail Basis,Gemsbok,V,1965,522,0509 AA,21
Retail Basis,Gemsbuffel,M,1995,523,0509 AA,21
Retail Basis,Geoffroy's ocelot,M,1982,525,0483 AA,34
Retail Basis,Gier kap,M,1992,543,0044 AA,21
Retail Basis,Gier monniks,V,1986,545,0147 AA,12
Retail Basis,Gillen's dwergvaraan,M,1993,555,0479 AA,78
Retail Basis,Giraffe net,M,1993,557,0113 AA,12
Retail Basis,Glansspreeuw konings,V,1985,563,0124 AA,78
Retail Basis,Gordelvari,M,1963,578,0221 AA,45
Retail Basis,Gorilla westelijke laagland,M,1948,579,0107 AA,23
Retail Basis,Gouden leeuwaapje,M,1988,582,0019 AA,67
Retail Basis,Goudkraagfazant,M,1972,587,0595 AA,23
Retail Basis,Goudvis,M,1963,589,0531 AA,23
Retail Basis,Griel australische,M,1983,595,0595 AA,89
Retail Basis,Grijsvleugel trompetvogel,M,1939,600,0503 AA,67
Retail Basis,Grijze wolf,V,1939,603,0503 AA,67
Retail Basis,Grondkoekoek Californische,M,1987,624,0137 AA,12
Retail Basis,Grondkoekoek Californische,M,1993,331,0584 AA,12
Retail Basis,Grondkoekoek Californische,V,1953,1258,0200 AA,15
Retail Basis,Grondkoekoek Californische,V,1966,1056,0088 AA,89
Retail Basis,Grootoorvos,V,1949,626,0071 AA,67
Retail Basis,Haai luipaard,V,1958,635,0590 AA,45
Retail Basis,Hamerkop,M,1963,645,0586 AA,12
Retail Basis,Hangnestvogel,M,1980,646,0260 AA,91
Retail Basis,Helmbasilisk,V,1945,653,0089 AA,12
Retail Basis,Helmkasuaris,M,1965,654,0154 AA,89
Retail Basis,Helmparelhoen,V,1968,655,0109 AA,78
Retail Basis,Heremit ibis,M,1972,660,0485 AA,67
Retail Basis,Hert axis,V,1962,661,0092 AA,91
Retail Basis,Hert vietnamees sika,M,1959,664,0591 AA,91
Retail Basis,Hert witlip,V,1953,665,0203 AA,89
Retail Basis,Hispaniola amazone,M,1959,668,0343 AA,23
Retail Basis,Hoendergans australische,M,1953,670,0009 AA,56
Retail Basis,Hokko nacht,V,1951,672,0289 AA,21
Retail Basis,Holenuil,M,1959,676,0045 AA,78
Retail Basis,Hollandse witte geit,V,1973,677,0292 AA,23
Retail Basis,Hondskopboa,M,1959,680,0565 AA,91
Retail Basis,Honingeter blauwwang,V,1981,682,0080 AA,56
Retail Basis,Hoornraaf noordelijke,M,1951,686,0443 AA,78
Retail Basis,Hutia cubaanse,V,1975,690,0595 AA,91
Retail Basis,IJsbeer,M,1983,705,0400 AA,21
Retail Basis,Ibis puna,V,1966,700,0228 AA,89
Retail Basis,Ibis rode,V,1958,701,0456 AA,56
Retail Basis,Ibis smalsnavel,M,1954,702,0456 AA,56
Retail Basis,Ibis zwarte,M,1947,703,0303 AA,67
Retail Basis,Ibis zwartkop,M,1945,704,0410 AA,67
Retail Basis,Impala,V,1984,707,0137 AA,32
Retail Basis,Indische antilope,V,1989,711,0137 AA,30
Retail Basis,Indische streepkopgans,M,1963,716,0200 AA,13
Retail Basis,Indische varaan,M,1958,718,0542 AA,78
Retail Basis,Jaarvogel,M,1968,721,0433 AA,21
Retail Basis,Jacana,M,1942,722,0025 AA,56
Retail Basis,Jaguar,M,1975,726,0326 AA,56
Retail Basis,Jakhals zadel,V,1941,728,0265 AA,89
Retail Basis,Japanse makaak,V,1970,731,0223 AA,34
Retail Basis,Japanse vuurbuiksalamander,V,1971,733,0557 AA,21
Retail Basis,Java aap,M,1976,735,0463 AA,34
Retail Basis,Javaanse kantjil,M,1956,738,0192 AA,78
Retail Basis,Javaanse langoer,M,1950,739,0575 AA,34
Retail Basis,Juffertje blauw,V,1988,743,0338 AA,21
Retail Basis,Jungle kat,M,1947,744,0065 AA,12
Retail Basis,Juweelkardinaalbaars,V,1948,745,0065 AA,12
Retail Basis,Kaalkop ibis,M,1957,750,0525 AA,78
Retail Basis,Kaapse oehoe,M,1955,752,0069 AA,21
Retail Basis,Kaketoe ducorps,V,1973,754,0034 AA,91
Retail Basis,Kaketoe geelkuif middelste,M,1964,755,0228 AA,89
Retail Basis,Kaketoe molukken,M,1967,758,0327 AA,91
Retail Basis,Kaketoe oranjekuif,M,1959,759,0200 AA,19
Retail Basis,Kaketoe rosé,M,1991,760,0200 AA,19
Retail Basis,Kakkerlak sissende,V,1979,765,0136 AA,67
Retail Basis,Kanarie rotsbaars,V,1943,771,0451 AA,67
Retail Basis,Kangoeroe Goodfellow boom,V,1956,772,0360 AA,45
Retail Basis,Kangoeroe moeraswallabie,V,1956,773,0249 AA,45
Retail Basis,Kariboe,V,1952,782,0303 AA,67
Retail Basis,Kat geoffroy's,V,1949,788,0522 AA,56
Retail Basis,Katta,V,1948,791,0309 AA,67
Retail Basis,Kea,M,1970,792,0543 AA,78
Retail Basis,Keizerboa,M,1963,794,0551 AA,67
Retail Basis,Keizergans,V,1963,795,0551 AA,67
Retail Basis,Keizerschorpioen,M,1992,796,0064 AA,91
Retail Basis,Keizersvis gekroonde,M,1964,797,0342 AA,23
Retail Basis,Kerkuil,M,1962,800,0198 AA,91
Retail Basis,Kettingslang,V,1963,801,0198 AA,91
Retail Basis,Kever Fregateiland,M,1979,802,0537 AA,78
Retail Basis,Kever rozen,M,1963,803,0577 AA,56
Retail Basis,Kever smaragdgroene rozen,V,1981,804,0390 AA,12
Retail Basis,Kievit,V,1978,806,0220 AA,56
Retail Basis,Kievit chileense,V,1954,807,0259 AA,12
Retail Basis,Kievit indonesische lel,M,1973,808,0033 AA,21
Retail Basis,Kievit kroon,M,1938,809,0072 AA,89
Retail Basis,Kievit senegal,V,1974,810,0326 AA,56
Retail Basis,Kikker aardbei,V,1965,812,0353 AA,56
Retail Basis,Kitta groene,V,1986,815,0248 AA,89
Retail Basis,Klapperaap,M,1966,817,0223 AA,34
Retail Basis,Kleine kantjil,M,1925,819,0395 AA,67
Retail Basis,Kleine koedoe,V,1933,820,0292 AA,23
Retail Basis,Kleine panda,V,1933,821,0395 AA,67
Retail Basis,Kleine sneeuwgans,V,1984,822,0570 AA,23
Retail Basis,Kleine witte zwaan,M,1978,823,0497 AA,12
Retail Basis,Kleine zilverreiger,V,1973,824,0497 AA,12
Retail Basis,Klipspringer,M,1992,828,0057 AA,45
Retail Basis,Kluut,M,1964,830,0137 AA,16
Retail Basis,Kluut zwarthals stelt,M,1962,831,0404 AA,67
Retail Basis,Kodiakbeer,M,1987,832,0527 AA,45
Retail Basis,Koekoek guira,M,1976,835,0137 AA,14
Retail Basis,Koekoeklipvis,V,1947,836,0405 AA,21
Retail Basis,Koelan,M,1968,837,0545 AA,67
Retail Basis,Koffierat,M,1983,841,0317 AA,89
Retail Basis,Koningscheeta,M,1968,849,0202 AA,67
Retail Basis,Koraalklimmer spitssnuit,M,1952,866,0173 AA,56
Retail Basis,Korenslang,V,1949,868,0532 AA,45
Retail Basis,Korzak vos,M,1978,871,0151 AA,91
Retail Basis,Kraagpapegaai,V,1976,872,0163 AA,91
Retail Basis,Kraanvogel Canadese,M,1974,873,0163 AA,91
Retail Basis,Kraanvogel Europese,M,1971,875,0434 AA,34
Retail Basis,Kraanvogel roodkroon,M,1972,880,0466 AA,78
Retail Basis,Kraanvogel sarus,V,1978,881,0466 AA,78
Retail Basis,Krekel grotten,V,1983,886,0129 AA,21
Retail Basis,Krekel zwarte veld,V,1977,887,0584 AA,12
Retail Basis,Kroeskop pelikaan,M,1984,888,0184 AA,56
Retail Basis,Krokodil Australische zoetwater,V,1969,889,0433 AA,21
Retail Basis,Krokodil Cubaanse,M,1977,891,0296 AA,78
Retail Basis,Krokodil ruit,V,1955,894,0410 AA,67
Retail Basis,Kroonduif victoria,V,1970,898,0200 AA,13
Retail Basis,Kroonkievit,V,1978,900,0543 AA,78
Retail Basis,Kroonkraanvogel oostelijke,V,1955,902,0301 AA,67
Retail Basis,Kroonmaki,M,1941,904,0231 AA,78
Retail Basis,Kroonparelhoen,V,1972,905,0049 AA,78
Retail Basis,Kuif mangabey,M,1913,907,0560 AA,12
Retail Basis,Kuifseriema,V,1989,912,0364 AA,91
Retail Basis,Kuiftinamoe,M,1984,913,0125 AA,21
Retail Basis,Kuifzaagbek,V,1971,914,0075 AA,34
Retail Basis,Kwal blauwpunt,M,1987,916,0445 AA,34
Retail Basis,Kwartel Chinese dwerg,M,1957,918,0315 AA,21
Retail Basis,Kwatta,V,1958,919,0191 AA,91
Retail Basis,Laagland nyala,M,1978,920,0547 AA,67
Retail Basis,Laaglandanoa,M,1997,921,0279 AA,21
Retail Basis,Laaglandtapir,V,1948,923,0133 AA,78
Retail Basis,Lachduif,V,1984,924,0595 AA,34
Retail Basis,Lafayettehoen,M,1942,928,0265 AA,89
Retail Basis,Lama,M,1940,929,0130 AA,89
Retail Basis,Lama guanaco,M,1953,930,0573 AA,67
Retail Basis,Lampongaap,M,1995,931,0224 AA,21
Retail Basis,Landschildpad Egyptische,M,1952,934,0259 AA,12
Retail Basis,Langoer François,V,1974,936,0506 AA,23
Retail Basis,Leeuw aziatische,M,1960,947,0389 AA,34
Retail Basis,Leeuwaapje gouden,V,1961,949,0200 AA,11
Retail Basis,Leguaan groene,V,1972,951,0389 AA,34
Retail Basis,Leguaan meesterstekel,M,1971,953,0322 AA,56
Retail Basis,Leguaan utila,V,1968,954,0322 AA,56
Retail Basis,Leguaan zwarte roatan,M,1949,956,0532 AA,45
Retail Basis,Lelieloper,M,1970,957,0584 AA,12
Retail Basis,Lepelaar rode,V,1984,960,0199 AA,21
Retail Basis,Lippenbeer,M,1985,964,0592 AA,21
Retail Basis,Livingstone's toerako,M,1970,967,0031 AA,45
Retail Basis,Longvis australische,M,1964,969,0373 AA,89
Retail Basis,Luiaard drievingerige,V,1973,974,0545 AA,67
Retail Basis,Luipaard Perzisch,V,1979,977,0120 AA,91
Retail Basis,Luipaardmurene,V,1973,979,0028 AA,67
Retail Basis,Lynx euraziatische,M,1926,981,0595 AA,56
Retail Basis,Madagaskardaggekko,V,1946,985,0288 AA,12
Retail Basis,Magot,V,1949,987,0319 AA,89
Retail Basis,Makaak japanse,M,1973,989,0118 AA,56
Retail Basis,Maki kroon,M,1985,993,0595 AA,45
Retail Basis,Maki rode,V,1974,995,0117 AA,45
Retail Basis,Maki zwartwitte,M,1983,997,0158 AA,21
Retail Basis,Makii rode,M,1984,998,0160 AA,78
Retail Basis,Maleise uil,M,1973,1005,0320 AA,78
Retail Basis,Mamba jamesons zwartstaart,V,1968,1007,0062 AA,34
Retail Basis,Mamba smalkop,V,1969,1008,0595 AA,34
Retail Basis,Mandarijneend,M,1969,1011,0075 AA,34
Retail Basis,Mandarijnvis blauwe,M,1982,1012,0139 AA,23
Retail Basis,Mandarijnvis lsd,V,1941,1013,0394 AA,45
Retail Basis,Mandril,M,1939,1014,0595 AA,78
Retail Basis,Manenschaap,M,1952,1017,0164 AA,45
Retail Basis,Manenwolf,M,1960,1018,0200 AA,11
Retail Basis,Mangrove kwal,V,1942,1023,0216 AA,23
Retail Basis,Manoel,V,1970,1025,0041 AA,67
Retail Basis,Maraboe,M,1947,1028,0133 AA,78
Retail Basis,Marajoan ratelslang,M,1958,1030,0475 AA,23
Retail Basis,Massauga dwergratelslang,M,1952,1038,0508 AA,34
Retail Basis,Maïsslang,M,1948,988,0451 AA,67
Retail Basis,Meerkat uilenkop,M,1955,1042,0249 AA,45
Retail Basis,Melkkikker,M,1957,1045,0493 AA,67
Retail Basis,Melkoehoe,V,1958,1046,0493 AA,67
Retail Basis,Mergellandschaap,M,1958,1048,0100 AA,12
Retail Basis,Mexicaanse groene rammelkous,V,1958,1049,0100 AA,12
Retail Basis,Mexicaanse roodbeen vogelspin,V,1963,1050,0200 AA,19
Retail Basis,Miereneter reuzen,V,1965,1053,0159 AA,56
Retail Basis,Mini varken,M,1965,1055,0159 AA,56
Retail Basis,Mississippi alligator,M,1967,1057,0251 AA,34
Retail Basis,Moerasbever,V,1967,1058,0042 AA,67
Retail Basis,Moeraskat,M,1968,1059,0557 AA,21
Retail Basis,Moeraslynx,M,1969,1060,0264 AA,89
Retail Basis,Mongoolse renmuis,M,1970,1066,0514 AA,78
Retail Basis,Monniksgier,M,1971,1067,0298 AA,91
Retail Basis,Morenhoen,V,1972,1070,0190 AA,91
Retail Basis,Muis kortoor olifantspits,V,1974,1072,0270 AA,12
Retail Basis,Muskuseend,V,1992,1079,0306 AA,34
Retail Basis,Naaktgezicht hokko,M,1960,1081,0353 AA,56
Retail Basis,Naald zoetwater,M,1975,1082,0384 AA,23
Retail Basis,Nachtaap,V,1983,1083,0538 AA,56
Retail Basis,Neushoornvogel trompet,M,1977,1104,0027 AA,67
Retail Basis,Oosterse groene mamba,V,1985,1162,0515 AA,23
Retail Basis,Parkiet roodvleugel,M,1989,1210,0581 AA,89
Retail Basis,Pinguïn zwartvoet,M,1989,1255,0338 AA,21
Retail Basis,Piétrain varken,M,1980,1243,0432 AA,91
Retail Basis,Poolvos,M,1989,1266,0393 AA,23
Retail Basis,Przwalskipaard,M,1991,1273,0310 AA,91
Retail Basis,Puna ibis,V,1967,1274,0352 AA,67
Retail Basis,Purperglansspreeuw,V,1970,1275,0328 AA,12
Retail Basis,Purperkoet,M,1979,1276,0194 AA,12
Retail Basis,Pyjama kardinaalbaars,M,1980,1278,0137 AA,10
Retail Internationale relaties,Arowana aziatische,M,1981,100,0023 AA,67
Retail Internationale relaties,Banteng java,V,1988,129,0339 AA,78
Retail Internationale relaties,Boomvaraan zwarte,V,1954,220,0217 AA,21
Retail Internationale relaties,Bosuil,M,1981,230,0530 AA,89
Retail Internationale relaties,Brandgans,M,1983,232,0169 AA,89
Retail Internationale relaties,CJ Geelmantel lori,,,510,0595 AA,12
Retail Internationale relaties,Californische grondkoekoek,M,1971,260,0486 AA,23
Retail Internationale relaties,Galápagos schildpad,V,1951,492,0006 AA,12
Retail Internationale relaties,Geelnek amazone,M,1966,511,0595 AA,12
Retail Internationale relaties,Groefsnavel toekan,V,1981,605,0007 AA,78
Retail Internationale relaties,Grote zilverreiger,V,1987,630,0017 AA,23
Retail Jongeren,Aap colobus,V,1997,7,0536 AA,23
Retail Jongeren,Amazone geelvoorhoofd,M,2004,67,0462 AA,12
Retail Jongeren,Arassari groene,M,2006,96,0188 AA,21
Retail Jongeren,Australische boshoen,V,2006,104,0218 AA,21
Retail Jongeren,Australische varaan,,2003,108,0357 AA,67
Retail Jongeren,Aziatische beentongvis,M,2003,114,0041 AA,67
Retail Jongeren,Barnard parkiet,V,2000,130,0042 AA,78
Retail Jongeren,Bengaalse oehoe,V,2007,146,0200 AA,13
Retail Jongeren,Bijtschildpad,M,2002,162,0557 AA,21
Retail Jongeren,Blauwvleugel kookaburra,M,2008,184,0054 AA,89
Retail Jongeren,Bonobo,M,2007,198,0510 AA,23
Retail Jongeren,Boomkikker groene,M,1996,215,0468 AA,91
Retail Jongeren,Bosschildpad,V,2009,229,0328 AA,12
Retail Jongeren,Bruine hokko,V,2010,253,0120 AA,91
Retail Jongeren,Chileense flamingo,V,2004,289,0486 AA,23
Retail Jongeren,Chileense poedoe,M,2011,291,0189 AA,45
Retail Jongeren,Eend Argentijnse stekelstaart,M,1998,414,0157 AA,23
Retail Jongeren,Egyptische landschildpad,V,2006,429,0261 AA,78
Retail Jongeren,Ezel dwerg,V,1999,458,0115 AA,23
Retail Jongeren,Fazant bos,M,2002,461,0115 AA,23
Retail Jongeren,Fazant konings,M,2003,464,0370 AA,91
Retail Jongeren,Filipijnse watervaraan,M,2001,471,0168 AA,12
Retail Jongeren,Geelborst capucijnaap,M,1992,506,0308 AA,23
Retail Jongeren,Geoffroy's kat,V,1999,524,0254 AA,23
Retail Jongeren,Germain pauwfazant,V,2013,529,0530 AA,89
Retail Jongeren,Gestreepte muisvogel,M,2015,530,0538 AA,56
Retail Jongeren,Gewone chipmunk,M,1999,535,0263 AA,91
Retail Jongeren,Gewone kookaburra,V,2000,537,0584 AA,12
Retail Jongeren,Gier witkop,,2012,549,0314 AA,56
Retail Jongeren,Goodfellow boomkangoeroe,V,2013,573,0510 AA,23
Retail Jongeren,Griekse landschildpad,V,2012,594,0523 AA,45
Retail Jongeren,Grijpstaartpalmadder schlegel's,V,2014,598,0220 AA,56
Retail Jongeren,Grijs gebandeerde koningsslang,V,2011,599,0201 AA,45
Retail Jongeren,Groene klimslang,V,2008,612,0295 AA,45
Retail Jongeren,Groene mamba,V,1998,614,0376 AA,12
Retail Jongeren,Groene oropendola,V,2014,616,0563 AA,91
Retail Jongeren,Grondkoekoek Californische,V,2014,627,0137 AA,12
Retail Jongeren,Grote textorwever,,2007,629,0055 AA,56
Retail Jongeren,Haflinger paard,M,1999,639,0297 AA,89
Retail Jongeren,Hamerhaai kleine,,2015,644,0521 AA,45
Retail Jongeren,Ibis heremiet,M,1988,698,0121 AA,67
Retail Jongeren,Kaketoe langsnavel,V,1990,757,0584 AA,12
Retail Jongeren,Kakkerlak Amerikaanse,V,1998,763,0444 AA,21
Retail Jongeren,Koper rotsbaars,M,2000,861,0294 AA,67
Retail Jongeren,Kraanvogel lel,M,2001,878,0584 AA,12
Retail Jongeren,Krooneend,V,2001,899,0187 AA,45
Retail Jongeren,Laaglandgorilla westelijke,V,1997,922,0200 AA,17
Retail Jongeren,Leguaan madagaskar,V,1996,952,0584 AA,12
Retail Jongeren,Netgiraffe,M,1999,1093,0535 AA,45
Retail Jongeren,Parkiet China,V,1995,1205,0546 AA,67
Retail Jongeren,Pijnboomslang florida,V,2001,1247,0566 AA,21
Retail Jongeren,Potoroe langsnuit,M,2003,1267,0433 AA,21
Retail Jongeren,Potto,V,2003,1268,0075 AA,34
Retail Overig,Aap baviaan mantel,M,1966,4,0349 AA,12
Retail Overig,Aap withandgibbon,V,1973,19,0349 AA,12
Retail Overig,CJ Oeraluil,,,1142,0595 AA,89
Retail Overig,CJ Paardezel,,,1172,0595 AA,89
Retail Overig,Mozambikaanse spuwende cobra,M,1957,1071,0535 AA,56
Retail Studenten,Aap huzaar,M,1993,10,0582 AA,67
Retail Studenten,Aasgier,M,1993,26,0346 AA,91
Retail Studenten,Amoertijger,V,1983,77,0055 AA,56
Retail Studenten,Antilope indische,V,1985,84,0595 AA,67
Retail Studenten,Baars juweel kardinaal,M,1987,124,0515 AA,23
Retail Studenten,Basilisk helm,V,1993,134,0291 AA,45
Retail Studenten,Bocharahert,V,1987,194,0430 AA,89
Retail Studenten,Borneose orang oetan,M,1997,221,0092 AA,91
Retail Studenten,Defassa-waterbok,M,1993,338,0311 AA,12
Retail Studenten,Druppelschildpad,M,1995,372,0442 AA,45
Retail Studenten,Emoe,M,1990,440,0579 AA,89
Retail Studenten,Fluiteend,,1988,480,0595 AA,91
Retail Studenten,Gaai witkuif,M,1997,489,0202 AA,67
Retail Studenten,Geribbelde neushoornvogel,V,1999,528,0348 AA,23
Retail Studenten,Goerami zoen,M,1993,571,0569 AA,12
Retail Studenten,Gordeldier bruinbehaard,V,1988,575,0295 AA,45
Retail Studenten,Japanse vos,V,1993,732,0106 AA,89
Retail Studenten,Kleinklauwotter Aziatische,M,1989,825,0087 AA,89
Retail Studenten,Krokodil breedvoorhoofd,M,1995,890,0267 AA,89
Retail Studenten,Kroonkraanvogel grijze,M,1986,901,0272 AA,45
Retail Studenten,Kuif oropendola,V,1985,908,0588 AA,91
Retail Studenten,Langoer Javaanse,M,1996,937,0587 AA,89
Retail Studenten,Lepelbekreiger,V,1992,962,0211 AA,45
Retail Studenten,Leptiens doornstaartagame,M,1996,965,0267 AA,89
Retail Studenten,Lipvis bonte,M,1996,966,0359 AA,45
Retail Studenten,Python D'Albert's,V,1995,1279,0458 AA,34
Retail niet meer actief,Afrikaanse reuzenslak,M,1964,44,0134 AA,56
Retail niet meer actief,Australische griel,M,1960,105,0268 AA,34
Retail niet meer actief,CJ Parkiet patagonische rots,,,1209,0595 AA,91
Retail niet meer actief,Kaketoe zalmkuif,M,1959,762,0059 AA,67
Retail niet meer actief,Kakkerlak doodshoofd,V,1947,764,0107 AA,23
Retail niet meer actief,Kokeranemoon,V,1917,844,0595 AA,21
Retail niet meer actief,Lachvogel,V,1959,926,0348 AA,23
Retail niet meer actief,Lori duivenbode's,V,1927,971,0519 AA,78
Retail niet meer actief,Managua cichlide,M,1973,1010,0185 AA,12
Retail niet meer actief,Mexicaanse roodknie vogelspin,M,1964,1051,0524 AA,56
Retail nog niet gesegmenteerd,CJ Gewone capucijnaap,,,534,0085 AA,12
Retail nog niet gesegmenteerd,CJ Gibbon witwang,,,540,0499 AA,89
Retail nog niet gesegmenteerd,CJ Gier kalkoen,,,542,0246 AA,91
Retail nog niet gesegmenteerd,CJ Giraffe rothschild,,,558,0595 AA,34
Retail nog niet gesegmenteerd,CJ Goochelaar,,,572,0190 AA,91
Retail nog niet gesegmenteerd,CJ Grijze roodstaartpapegaai,,,602,0595 AA,45
Retail nog niet gesegmenteerd,CJ Hagedash ibis,,,643,0226 AA,45
Retail nog niet gesegmenteerd,CJ Hagedis parel,,,642,0226 AA,45
Retail nog niet gesegmenteerd,CJ Koningscheetah,,,850,0206 AA,78
Retail nog niet gesegmenteerd,CJ Koningsgier,,,852,0400 AA,21
Retail nog niet gesegmenteerd,CJ Koningsparkiet,,,854,0593 AA,91
Retail nog niet gesegmenteerd,CJ Koningsslang grijs gebandeerde,,,857,0445 AA,34
Retail nog niet gesegmenteerd,CJ Oropendola kuif,,,1166,0595 AA,89
Retail nog niet gesegmenteerd,Gerbil Mongoolse,V,2013,527,0317 AA,89
Retail nog niet gesegmenteerd,Gibbon withand,M,1956,539,0499 AA,89
Retail nog niet gesegmenteerd,Gier aas,V,1984,541,0237 AA,12
Retail nog niet gesegmenteerd,Gier rüppells,M,1979,547,0337 AA,34
Retail nog niet gesegmenteerd,Goean blauwkeel,,1950,568,0595 AA,21
Retail nog niet gesegmenteerd,Goundi,M,1992,590,0278 AA,91
Retail nog niet gesegmenteerd,Grijze pauwfazant,V,1951,601,0411 AA,78
Retail nog niet gesegmenteerd,Groene muskaatduif pauline,M,1953,615,0441 AA,12
Retail nog niet gesegmenteerd,Koningsglansspreeuw,V,1979,853,0022 AA,23
Retail nog niet gesegmenteerd,Koningspinguïn,M,1975,855,0257 AA,23
Retail nog niet gesegmenteerd,Koningspython,V,1993,856,0445 AA,34
Retail nog niet gesegmenteerd,Kookaburra blauwvleugel,M,1960,859,0561 AA,23
Retail nog niet gesegmenteerd,Koperkoprattenslang,M,1987,862,0491 AA,34
Sports & Entertainment Desk,Afrikaans stekelvarken,M,1965,35,0417 AA,34
Sports & Entertainment Desk,Afrikaanse doornstaartagame,M,1997,36,0417 AA,34
Sports & Entertainment Desk,Aldabra reuzenschildpad,V,1963,53,0417 AA,34
Sports & Entertainment Desk,Alligator chinese,V,1970,56,0104 AA,21
Sports & Entertainment Desk,Amazone blauwkroon,M,1987,62,0595 AA,45
Sports & Entertainment Desk,Amazone dubbele geelkop,M,1989,65,0047 AA,12
Sports & Entertainment Desk,Amerikaanse oehoe,M,1978,71,0091 AA,67
Sports & Entertainment Desk,Ara roodrug,M,2003,93,0052 AA,67
Sports & Entertainment Desk,Blauwe gnoe,M,1955,173,0050 AA,45
Sports & Entertainment Desk,Blauwtongskink,V,1980,183,0052 AA,67
Sports & Entertainment Desk,Bonte marter,M,2002,204,0104 AA,21
Sports & Entertainment Desk,Boomnimf,M,1964,217,0038 AA,34
Sports & Entertainment Desk,CJ Adjak,,,34,0417 AA,34
Sports & Entertainment Desk,CJ Blauwvoorhoofd amazone,,,185,0050 AA,45
Sports & Entertainment Desk,CJ Carancho,,,277,0091 AA,67
Sports & Entertainment Desk,CJ Fossa,,,483,0047 AA,12
Sports & Entertainment Desk,CJ Oorkwal,,,1158,0066 AA,45
Sports & Entertainment Desk,Daggekko blauwe,M,1994,333,0086 AA,34
Sports & Entertainment Desk,Ezel Poitou,V,1986,459,0111 AA,56
Sports & Entertainment Desk,Gier konings,V,1969,544,0032 AA,23
Sports & Entertainment Desk,Giraffe smoky,M,1992,559,0061 AA,21
Sports & Entertainment Desk,Grondboa madagaskar,V,1945,622,0066 AA,45
Sports & Entertainment Desk,Hadada,V,1994,638,0086 AA,34
Sports & Entertainment Desk,Java banteng,V,1989,736,0047 AA,12
Sports & Entertainment Desk,Koedoe groot,M,1973,833,0104 AA,21
Sports & Entertainment Desk,Koereiger,M,1993,839,0171 AA,91
Sports & Entertainment Desk,Kroonkraanvogel zwarte,V,1999,903,0052 AA,67
Sports & Entertainment Desk,Kwal mangrove,M,1986,917,0046 AA,34
Sports & Entertainment Desk,Monocle cobra,M,1971,1068,0066 AA,45
Stamrecht BV's,CJ Eierslang afrikaanse,,,434,0219 AA,56
Stamrecht BV's,CJ Guira koekoek,,,634,0498 AA,23
Stamrecht BV's,CJ Koningstijger,,,858,0428 AA,34
Stamrecht BV's,CJ Kookaburra gewone,,,860,0561 AA,23
U en Uw Familie 500+,Melkslang sinaloae,M,1961,1047,0078 AA,56
Vervallen,Alpaca,M,1949,57,0285 AA,91
Vervallen,CJ Alpensteenbok,,,60,0571 AA,21
Vervallen,CJ Aziatische olifant,,,117,0197 AA,34
Vervallen,CJ Aziatische steenpatrijs,,,118,0197 AA,34
Vervallen,CJ Bontbekplevier,,,200,0564 AA,91
Vervallen,CJ Brahma,,,231,0204 AA,23
Vervallen,CJ Fluiteend witwang,,,481,0197 AA,34
Vervallen,CJ Klipdas rots,,,827,0285 AA,91
Vervallen,CJ Koi,,,842,0205 AA,67
Vervallen,CJ Kuifmakaak zwarte,,,911,0285 AA,91
Vervallen,CJ Parthenogenetische rotshagedis,,,1213,0471 AA,78
Vervallen,CJ Perzische panter,,,1240,0197 AA,34
Vervallen,CJ Poedoe Chileense,,,1263,0197 AA,34
Vervallen,Chinese muntjak,M,1939,301,0511 AA,67
Vervallen,Holenkiekendief Afrikaanse,V,1967,674,0480 AA,21
Vervallen,Hyacinth ara,V,1988,692,0026 AA,21
Vervallen,Kraanvogel witnek,M,1966,882,0471 AA,78
Vervallen,Kraanvogel zwarte kroon,V,1972,883,0471 AA,78
Vervallen,Leeuw wit,M,1971,948,0197 AA,34
Vervallen,Montserrat troepiaal,V,1971,1069,0195 AA,89
YBB Algemeen,CJ Aap witpluimoeistitie,,,21,0101 AA,89
YBB Algemeen,CJ Agame leptiens doornstaart,,,48,0065 AA,12
YBB Algemeen,CJ Amazone salvin's,,,68,0104 AA,21
YBB Algemeen,CJ Amethistspreeuw,,,74,0104 AA,21
YBB Algemeen,CJ Ara soldaten,,,94,0417 AA,34
YBB Algemeen,CJ Aziatische wilde hond,,,120,0595 AA,89
YBB Algemeen,CJ Bever moeras,,,158,0556 AA,23
YBB Algemeen,CJ Blauwe bisschop,,,171,0595 AA,34
YBB Algemeen,CJ Boomeend gele,,,211,0595 AA,34
YBB Algemeen,CJ Braziliaanse dwerguil,,,234,0351 AA,12
YBB Algemeen,CJ Bruine beer,,,250,0159 AA,56
YBB Algemeen,CJ Cascaval venezolaanse,,,281,0190 AA,91
YBB Algemeen,CJ Chileense kievit,,,290,0465 AA,23
YBB Algemeen,CJ Cubaanse krokodil,,,332,0241 AA,12
YBB Algemeen,CJ Eend muskus,,,421,0358 AA,56
YBB Algemeen,CJ Eland canadese,,,437,0002 AA,91
YBB Algemeen,CJ Europese wilde kat,,,453,0252 AA,78
YBB Algemeen,CJ Flappentak,,,477,0249 AA,45
YBB Algemeen,CJ Frontvogel,,,488,0091 AA,67
YBB Algemeen,CJ Gaailijster gevlekte,,,490,0241 AA,12
YBB Algemeen,CJ Gans keizer,,,498,0584 AA,12
YBB Algemeen,CJ Geit dwerg,,,515,0200 AA,19
YBB Algemeen,CJ Gestreepte rattenslang,,,531,0270 AA,12
YBB Algemeen,CJ Gevlekte gaailijster,,,532,0279 AA,21
YBB Algemeen,CJ Gevlekte hyena,,,533,0387 AA,78
YBB Algemeen,CJ Gewone kaaiman,,,536,0595 AA,78
YBB Algemeen,CJ Gewoon stekelvarken,,,538,0143 AA,91
YBB Algemeen,CJ Gier witrug,,,550,0595 AA,89
YBB Algemeen,CJ Goerami reuzen,,,570,0340 AA,21
YBB Algemeen,CJ Gouden gifkikker,,,581,0595 AA,12
YBB Algemeen,CJ Goudenmunt schildpad,,,584,0283 AA,91
YBB Algemeen,CJ Goudfazant,,,585,0381 AA,12
YBB Algemeen,CJ Grant zebra,,,591,0278 AA,91
YBB Algemeen,CJ Groene bladtak,,,607,0595 AA,78
YBB Algemeen,CJ Groene klimslang,,,613,0488 AA,23
YBB Algemeen,CJ Groenvleugelduif,,,621,0270 AA,12
YBB Algemeen,CJ Grondneushoornvogel,,,625,0556 AA,23
YBB Algemeen,CJ Grottenkrekel,,,631,0595 AA,91
YBB Algemeen,CJ Haas patagonische,,,637,0411 AA,78
YBB Algemeen,CJ Hagedis chinese krokodilstaart,,,640,0154 AA,89
YBB Algemeen,CJ Hagedis dwerggordelstaart,,,641,0584 AA,12
YBB Algemeen,CJ Henkels bladstaartgekko,,,656,0277 AA,12
YBB Algemeen,CJ Hereford koe,,,657,0069 AA,21
YBB Algemeen,CJ Himalaya glansfazant,,,667,0074 AA,91
YBB Algemeen,CJ Hokko sclaters,,,673,0416 AA,21
YBB Algemeen,CJ Indonesische lelkievit,,,719,0177 AA,21
YBB Algemeen,CJ Kapgier,,,777,0367 AA,21
YBB Algemeen,CJ Kegelrob,,,793,0436 AA,21
YBB Algemeen,CJ Kolibrie,,,845,0014 AA,91
YBB Algemeen,CJ Koningsfazant,,,851,0595 AA,34
YBB Algemeen,CJ Langsnavel kaketoe,,,940,0190 AA,91
YBB Algemeen,CJ Langstaart witkuiftok,,,941,0199 AA,91
YBB Algemeen,CJ Luiaard tweevingerige,,,975,0465 AA,23
YBB Algemeen,CJ Poema,,,1264,0198 AA,91
YBB Haven en Logistiek,CJ Manenduif,,,1015,0595 AA,45
YBB Vereniging & Stichting,CJ Amazone cubaanse,,,64,0337 AA,34
YBB Vereniging & Stichting,CJ Balpython,,,126,0412 AA,21
YBB Vereniging & Stichting,CJ Bruinkop slingeraap,,,255,0595 AA,23
YBB Vereniging & Stichting,CJ Indische brilvogel,,,713,0595 AA,12
YBB Vereniging & Stichting,CJ Kathaai,,,790,0595 AA,21
YBB Vereniging & Stichting,Grondkoekoek Californische,,,439,0595 AA,12
YBB+ Agrarisch,CJ Groene arassari,,,606,0401 AA,12
YBB+ Agrarisch,CJ Groene kitta,,,611,0401 AA,12
YBB+ Algemeen,CJ Afrikaanse oehoe,,,41,0595 AA,67
YBB+ Algemeen,CJ Angola giraffe,,,82,0595 AA,23
YBB+ Algemeen,CJ Aratinga ecuador,,,97,0396 AA,12
YBB+ Algemeen,CJ Australische hoendergans,,,106,0584 AA,12
YBB+ Algemeen,CJ Brilduiker IJslandse,,,241,0595 AA,23
YBB+ Algemeen,CJ Cheeta,,,288,0018 AA,21
YBB+ Algemeen,CJ Drieteenmeeuw,,,368,0332 AA,89
YBB+ Algemeen,CJ Eend Europese tafel,,,418,0325 AA,12
YBB+ Algemeen,CJ Fretkat,,,487,0090 AA,91
YBB+ Algemeen,CJ Hoornkikker albino,,,685,0595 AA,56
YBB+ Algemeen,CJ Karmijnrode bijeneter noordelijke,,,783,0354 AA,45
YBB+ Algemeen,CJ Lepelaar witte,,,961,0354 AA,45
YBB+ Algemeen,CJ Loewak,,,968,0180 AA,21
YBB+ Algemeen,CJ Parelhoen gier,,,1198,0332 AA,89
YBB+ Fashion,CJ Kuifcaracara,,,909,0180 AA,21
YBB+ Vereniging & Stichting,CJ Agoeti Midden-Amerikaanse,,,51,0595 AA,78
YBB+ Vereniging & Stichting,CJ Anemoonvis eenband,,,80,0595 AA,78
YBB+ Vereniging & Stichting,CJ Aziatische leeuw,,,116,0482 AA,78
